01000002000700000d4a656570205772
616e676c65720064006401000b466572
7261726920463430012c003202000642
4d57205a340014003203000956572042
6565746c650032000204000b466f7264
2042726f6e636f00c80064050009466f
726420463130300002003206000a4d42
20532d436c6173730064005004000008
00081302010312091209120912091209
12091209120912091209120912091209
12091209120912091209120912091209
12091209120912091209120912091209
12091209120912091209120912091209
12091209120912091209120912091209
12091209120912091209120812081208
12081208120812081208120812081208
12081208120812081208120812081208
12081208120812081208120812081208
12081208120812081208120812081208
12081208120812081208120812081208
12081208120812081208120812081208
12081208120812081208120812081208
12081207120712071207120712071207
12071207120712071207120712071207
12071207120712071207120712071207
12071207120712071207120712071207
12071207120712071207120712071207
12071207120712071207120712071207
12071207120712071207120712071207
12071207120712071207120612061206
12061206120612061206120612061206
12061206120612061206120612061206
12061206120612061206120612061206
12061206120612061206120612061206
12061206120612061206120612061206
12061206120612061206120612061206
12061206120612061206120612061206
12061205120512051205120512051205
12051205120512051205120512051205
12051205120512051205120512051205
12051205120512051205120512051205
12051205120512051205120512051205
12051205120512051205120512051205
12051205120512051205120512051205
12051205120512051205120412041204
12041204120412041204120412041204
12041204120412041204120412041204
12041204120412041204120412041204
12041204120412041204120412041204
12041204120412041204120412041204
12041204120412041204120412041204
12041204120412041204120412041204
12041203120312031203120312031203
12031203120312031203120312031203
12031203120312031203120312031203
12031203120312031203120312031203
12031203120312031203120312031203
12031203120312031203120312031203
12031203120312031203120312031203
12031203120312031203120212021202
12021202120212021202120212021202
12021202120212021202120212021202
12021202120212021202120212021202
12021202120212021202120212021202
12021202120212021202120212021202
12021202120212021202120212021202
12021202120212021202120212021202
12021201120112011201120112011201
12011201120112011201120112011201
12011201120112011201120112011201
12011201120112011201120112011201
12011201120112011201120112011201
12011201120112011201120112011201
12011201120112011201120112011201
12011201120112011201120012001200
12001200120012001200120012001200
12001200120012001200120012001200
12001200120012001200120012001200
12001200120012001200120012001200
12001200120012001200120012001200
12001200120012001200120012001200
12001200120012001200120012001200
1200130000000a00000257010000001b
08cb002ccb5a010e00000064000e0e00
1b50610019f6ea00001b53220017b856
06001b46c600157bb5110019f4f70015
671c0a0017b85600154627000017bc75
001205fc070018219f000f5eb3110019
0349000f522b08001b41ad000f03f300
001b5ee0000bce9307001baaad0006f0
9711001c71a7000696930200202ea500
069b50130023167200069b500a000002
57010000001b08cb002ccb5a010e0000
0064000e0e001b50610019f6ea00001b
53220017b85606001b46c600157bb511
0019f4f70015671c0a0017b856001546
27000017bc75001205fc070018219f00
0f5eb31100190349000f522b08001b41
ad000f03f300001b5ee0000bce930700
1baaad0006f09711001c71a700069693
0200202ea500069b5013002316720006
9b500a00000257010000001b08cb002c
cb5a010e00000064000e0e001b506100
19f6ea00001b53220017b85606001b46
c600157bb5110019f4f70015671c0a00
17b85600154627000017bc75001205fc
070018219f000f5eb31100190349000f
522b08001b41ad000f03f300001b5ee0
000bce9307001baaad0006f09711001c
71a7000696930200202ea500069b5013
0023167200069b500a00000257010000
001b08cb002ccb5a010e00000064000e
0e001b50610019f6ea00001b53220017
b85606001b46c600157bb5110019f4f7
0015671c0a0017b85600154627000017
bc75001205fc070018219f000f5eb311
00190349000f522b08001b41ad000f03
f300001b5ee0000bce9307001baaad00
06f09711001c71a7000696930200202e
a500069b50130023167200069b500a00
000257010000001b08cb002ccb5a010e
00000064000e0e001b50610019f6ea00
001b53220017b85606001b46c600157b
b5110019f4f70015671c0a0017b85600
154627000017bc75001205fc07001821
9f000f5eb31100190349000f522b0800
1b41ad000f03f300001b5ee0000bce93
07001baaad0006f09711001c71a70006
96930200202ea500069b501300231672
00069b500a00000257010000001b08cb
002ccb5a010e00000064000e0e001b50
610019f6ea00001b53220017b8560600
1b46c600157bb5110019f4f70015671c
0a0017b85600154627000017bc750012
05fc070018219f000f5eb31100190349
000f522b08001b41ad000f03f300001b
5ee0000bce9307001baaad0006f09711
001c71a7000696930200202ea500069b
50130023167200069b500a0000025701
0000001b08cb002ccb5a010e00000064
000e0e001b50610019f6ea00001b5322
0017b85606001b46c600157bb5110019
f4f70015671c0a0017b8560015462700
0017bc75001205fc070018219f000f5e
b31100190349000f522b08001b41ad00
0f03f300001b5ee0000bce9307001baa
ad0006f09711001c71a7000696930200
202ea500069b50130023167200069b50
0a00000257010000001b08cb002ccb5a
010e00000064000e0e001b50610019f6
ea00001b53220017b85606001b46c600
157bb5110019f4f70015671c0a0017b8
5600154627000017bc75001205fc0700
18219f000f5eb31100190349000f522b
08001b41ad000f03f300001b5ee0000b
ce9307001baaad0006f09711001c71a7
000696930200202ea500069b50130023
167200069b500a00000257010000001b
08cb002ccb5a010e00000064000e0e00
1b50610019f6ea00001b53220017b856
06001b46c600157bb5110019f4f70015
671c0a0017b85600154627000017bc75
001205fc070018219f000f5eb3110019
0349000f522b08001b41ad000f03f300
001b5ee0000bce9307001baaad0006f0
9711001c71a7000696930200202ea500
069b50130023167200069b500a000002
57010000001b08cb002ccb5a010e0000
0064000e0e001b50610019f6ea00001b
53220017b85606001b46c600157bb511
0019f4f70015671c0a0017b856001546
27000017bc75001205fc070018219f00
0f5eb31100190349000f522b08001b41
ad000f03f300001b5ee0000bce930700
1baaad0006f09711001c71a700069693
0200202ea500069b5013002316720006
9b500a00000257010000001b08cb002c
cb5a010e00000064000e0e001b506100
19f6ea00001b53220017b85606001b46
c600157bb5110019f4f70015671c0a00
17b85600154627000017bc75001205fc
070018219f000f5eb31100190349000f
522b08001b41ad000f03f300001b5ee0
000bce9307001baaad0006f09711001c
71a7000696930200202ea500069b5013
0023167200069b500a00000257010000
001b08cb002ccb5a010e00000064000e
0e001b50610019f6ea00001b53220017
b85606001b46c600157bb5110019f4f7
0015671c0a0017b85600154627000017
bc75001205fc070018219f000f5eb311
00190349000f522b08001b41ad000f03
f300001b5ee0000bce9307001baaad00
06f09711001c71a7000696930200202e
a500069b50130023167200069b500a00
000257010000001b08cb002ccb5a010e
00000064000e0e001b50610019f6ea00
001b53220017b85606001b46c600157b
b5110019f4f70015671c0a0017b85600
154627000017bc75001205fc07001821
9f000f5eb31100190349000f522b0800
1b41ad000f03f300001b5ee0000bce93
07001baaad0006f09711001c71a70006
96930200202ea500069b501300231672
00069b500a00000257010000001b08cb
002ccb5a010e00000064000e0e001b50
610019f6ea00001b53220017b8560600
1b46c600157bb5110019f4f70015671c
0a0017b85600154627000017bc750012
05fc070018219f000f5eb31100190349
000f522b08001b41ad000f03f300001b
5ee0000bce9307001baaad0006f09711
001c71a7000696930200202ea500069b
50130023167200069b500a0000025701
0000001b08cb002ccb5a010e00000064
000e0e001b50610019f6ea00001b5322
0017b85606001b46c600157bb5110019
f4f70015671c0a0017b8560015462700
0017bc75001205fc070018219f000f5e
b31100190349000f522b08001b41ad00
0f03f300001b5ee0000bce9307001baa
ad0006f09711001c71a7000696930200
202ea500069b50130023167200069b50
0a00000257010000001b08cb002ccb5a
010e00000064000e0e001b50610019f6
ea00001b53220017b85606001b46c600
157bb5110019f4f70015671c0a0017b8
5600154627000017bc75001205fc0700
18219f000f5eb31100190349000f522b
08001b41ad000f03f300001b5ee0000b
ce9307001baaad0006f09711001c71a7
000696930200202ea500069b50130023
167200069b500a00000257010000001b
08cb002ccb5a010e00000064000e0e00
1b50610019f6ea00001b53220017b856
06001b46c600157bb5110019f4f70015
671c0a0017b85600154627000017bc75
001205fc070018219f000f5eb3110019
0349000f522b08001b41ad000f03f300
001b5ee0000bce9307001baaad0006f0
9711001c71a7000696930200202ea500
069b50130023167200069b500a000002
57010000001b08cb002ccb5a010e0000
0064000e0e001b50610019f6ea00001b
53220017b85606001b46c600157bb511
0019f4f70015671c0a0017b856001546
27000017bc75001205fc070018219f00
0f5eb31100190349000f522b08001b41
ad000f03f300001b5ee0000bce930700
1baaad0006f09711001c71a700069693
0200202ea500069b5013002316720006
9b500a00000257010000001b08cb002c
cb5a010e00000064000e0e001b506100
19f6ea00001b53220017b85606001b46
c600157bb5110019f4f70015671c0a00
17b85600154627000017bc75001205fc
070018219f000f5eb31100190349000f
522b08001b41ad000f03f300001b5ee0
000bce9307001baaad0006f09711001c
71a7000696930200202ea500069b5013
0023167200069b500a00000257010000
001b08cb002ccb5a010e00000064000e
0e001b50610019f6ea00001b53220017
b85606001b46c600157bb5110019f4f7
0015671c0a0017b85600154627000017
bc75001205fc070018219f000f5eb311
00190349000f522b08001b41ad000f03
f300001b5ee0000bce9307001baaad00
06f09711001c71a7000696930200202e
a500069b50130023167200069b500a00
000257010000001b08cb002ccb5a010e
00000064000e0e001b50610019f6ea00
001b53220017b85606001b46c600157b
b5110019f4f70015671c0a0017b85600
154627000017bc75001205fc07001821
9f000f5eb31100190349000f522b0800
1b41ad000f03f300001b5ee0000bce93
07001baaad0006f09711001c71a70006
96930200202ea500069b501300231672
00069b500a00000257010000001b08cb
002ccb5a010e00000064000e0e001b50
610019f6ea00001b53220017b8560600
1b46c600157bb5110019f4f70015671c
0a0017b85600154627000017bc750012
05fc070018219f000f5eb31100190349
000f522b08001b41ad000f03f300001b
5ee0000bce9307001baaad0006f09711
001c71a7000696930200202ea500069b
50130023167200069b500a0000025701
0000001b08cb002ccb5a010e00000064
000e0e001b50610019f6ea00001b5322
0017b85606001b46c600157bb5110019
f4f70015671c0a0017b8560015462700
0017bc75001205fc070018219f000f5e
b31100190349000f522b08001b41ad00
0f03f300001b5ee0000bce9307001baa
ad0006f09711001c71a7000696930200
202ea500069b50130023167200069b50
0a00000257010000001b08cb002ccb5a
010e00000064000e0e001b50610019f6
ea00001b53220017b85606001b46c600
157bb5110019f4f70015671c0a0017b8
5600154627000017bc75001205fc0700
18219f000f5eb31100190349000f522b
08001b41ad000f03f300001b5ee0000b
ce9307001baaad0006f09711001c71a7
000696930200202ea500069b50130023
167200069b500a00000257010000001b
08cb002ccb5a010e00000064000e0e00
1b50610019f6ea00001b53220017b856
06001b46c600157bb5110019f4f70015
671c0a0017b85600154627000017bc75
001205fc070018219f000f5eb3110019
0349000f522b08001b41ad000f03f300
001b5ee0000bce9307001baaad0006f0
9711001c71a7000696930200202ea500
069b50130023167200069b500a000002
57010000001b08cb002ccb5a010e0000
0064000e0e001b50610019f6ea00001b
53220017b85606001b46c600157bb511
0019f4f70015671c0a0017b856001546
27000017bc75001205fc070018219f00
0f5eb31100190349000f522b08001b41
ad000f03f300001b5ee0000bce930700
1baaad0006f09711001c71a700069693
0200202ea500069b5013002316720006
9b500a00000257010000001b08cb002c
cb5a010e00000064000e0e001b506100
19f6ea00001b53220017b85606001b46
c600157bb5110019f4f70015671c0a00
17b85600154627000017bc75001205fc
070018219f000f5eb31100190349000f
522b08001b41ad000f03f300001b5ee0
000bce9307001baaad0006f09711001c
71a7000696930200202ea500069b5013
0023167200069b500a00000257010000
001b08cb002ccb5a010e00000064000e
0e001b50610019f6ea00001b53220017
b85606001b46c600157bb5110019f4f7
0015671c0a0017b85600154627000017
bc75001205fc070018219f000f5eb311
00190349000f522b08001b41ad000f03
f300001b5ee0000bce9307001baaad00
06f09711001c71a7000696930200202e
a500069b50130023167200069b500a00
000257010000001b08cb002ccb5a010e
00000064000e0e001b50610019f6ea00
001b53220017b85606001b46c600157b
b5110019f4f70015671c0a0017b85600
154627000017bc75001205fc07001821
9f000f5eb31100190349000f522b0800
1b41ad000f03f300001b5ee0000bce93
07001baaad0006f09711001c71a70006
96930200202ea500069b501300231672
00069b500a00000257010000001b08cb
002ccb5a010e00000064000e0e001b50
610019f6ea00001b53220017b8560600
1b46c600157bb5110019f4f70015671c
0a0017b85600154627000017bc750012
05fc070018219f000f5eb31100190349
000f522b08001b41ad000f03f300001b
5ee0000bce9307001baaad0006f09711
001c71a7000696930200202ea500069b
50130023167200069b500a0000025701
0000001b08cb002ccb5a010e00000064
000e0e001b50610019f6ea00001b5322
0017b85606001b46c600157bb5110019
f4f70015671c0a0017b8560015462700
0017bc75001205fc070018219f000f5e
b31100190349000f522b08001b41ad00
0f03f300001b5ee0000bce9307001baa
ad0006f09711001c71a7000696930200
202ea500069b50130023167200069b50
0a00000257010000001b08cb002ccb5a
010e00000064000e0e001b50610019f6
ea00001b53220017b85606001b46c600
157bb5110019f4f70015671c0a0017b8
5600154627000017bc75001205fc0700
18219f000f5eb31100190349000f522b
08001b41ad000f03f300001b5ee0000b
ce9307001baaad0006f09711001c71a7
000696930200202ea500069b50130023
167200069b500a00000257010000001b
08cb002ccb5a010e00000064000e0e00
1b50610019f6ea00001b53220017b856
06001b46c600157bb5110019f4f70015
671c0a0017b85600154627000017bc75
001205fc070018219f000f5eb3110019
0349000f522b08001b41ad000f03f300
001b5ee0000bce9307001baaad0006f0
9711001c71a7000696930200202ea500
069b50130023167200069b500a000002
57010000001b08cb002ccb5a010e0000
0064000e0e001b50610019f6ea00001b
53220017b85606001b46c600157bb511
0019f4f70015671c0a0017b856001546
27000017bc75001205fc070018219f00
0f5eb31100190349000f522b08001b41
ad000f03f300001b5ee0000bce930700
1baaad0006f09711001c71a700069693
0200202ea500069b5013002316720006
9b500a00000257010000001b08cb002c
cb5a010e00000064000e0e001b506100
19f6ea00001b53220017b85606001b46
c600157bb5110019f4f70015671c0a00
17b85600154627000017bc75001205fc
070018219f000f5eb31100190349000f
522b08001b41ad000f03f300001b5ee0
000bce9307001baaad0006f09711001c
71a7000696930200202ea500069b5013
0023167200069b500a00000257010000
001b08cb002ccb5a010e00000064000e
0e001b50610019f6ea00001b53220017
b85606001b46c600157bb5110019f4f7
0015671c0a0017b85600154627000017
bc75001205fc070018219f000f5eb311
00190349000f522b08001b41ad000f03
f300001b5ee0000bce9307001baaad00
06f09711001c71a7000696930200202e
a500069b50130023167200069b500a00
000257010000001b08cb002ccb5a010e
00000064000e0e001b50610019f6ea00
001b53220017b85606001b46c600157b
b5110019f4f70015671c0a0017b85600
154627000017bc75001205fc07001821
9f000f5eb31100190349000f522b0800
1b41ad000f03f300001b5ee0000bce93
07001baaad0006f09711001c71a70006
96930200202ea500069b501300231672
00069b500a00000257010000001b08cb
002ccb5a010e00000064000e0e001b50
610019f6ea00001b53220017b8560600
1b46c600157bb5110019f4f70015671c
0a0017b85600154627000017bc750012
05fc070018219f000f5eb31100190349
000f522b08001b41ad000f03f300001b
5ee0000bce9307001baaad0006f09711
001c71a7000696930200202ea500069b
50130023167200069b500a0000025701
0000001b08cb002ccb5a010e00000064
000e0e001b50610019f6ea00001b5322
0017b85606001b46c600157bb5110019
f4f70015671c0a0017b8560015462700
0017bc75001205fc070018219f000f5e
b31100190349000f522b08001b41ad00
0f03f300001b5ee0000bce9307001baa
ad0006f09711001c71a7000696930200
202ea500069b50130023167200069b50
0a00000257010000001b08cb002ccb5a
010e00000064000e0e001b50610019f6
ea00001b53220017b85606001b46c600
157bb5110019f4f70015671c0a0017b8
5600154627000017bc75001205fc0700
18219f000f5eb31100190349000f522b
08001b41ad000f03f300001b5ee0000b
ce9307001baaad0006f09711001c71a7
000696930200202ea500069b50130023
167200069b500a00000257010000001b
08cb002ccb5a010e00000064000e0e00
1b50610019f6ea00001b53220017b856
06001b46c600157bb5110019f4f70015
671c0a0017b85600154627000017bc75
001205fc070018219f000f5eb3110019
0349000f522b08001b41ad000f03f300
001b5ee0000bce9307001baaad0006f0
9711001c71a7000696930200202ea500
069b50130023167200069b500a000002
57010000001b08cb002ccb5a010e0000
0064000e0e001b50610019f6ea00001b
53220017b85606001b46c600157bb511
0019f4f70015671c0a0017b856001546
27000017bc75001205fc070018219f00
0f5eb31100190349000f522b08001b41
ad000f03f300001b5ee0000bce930700
1baaad0006f09711001c71a700069693
0200202ea500069b5013002316720006
9b500a00000257010000001b08cb002c
cb5a010e00000064000e0e001b506100
19f6ea00001b53220017b85606001b46
c600157bb5110019f4f70015671c0a00
17b85600154627000017bc75001205fc
070018219f000f5eb31100190349000f
522b08001b41ad000f03f300001b5ee0
000bce9307001baaad0006f09711001c
71a7000696930200202ea500069b5013
0023167200069b500a00000257010000
001b08cb002ccb5a010e00000064000e
0e001b50610019f6ea00001b53220017
b85606001b46c600157bb5110019f4f7
0015671c0a0017b85600154627000017
bc75001205fc070018219f000f5eb311
00190349000f522b08001b41ad000f03
f300001b5ee0000bce9307001baaad00
06f09711001c71a7000696930200202e
a500069b50130023167200069b500a00
000257010000001b08cb002ccb5a010e
00000064000e0e001b50610019f6ea00
001b53220017b85606001b46c600157b
b5110019f4f70015671c0a0017b85600
154627000017bc75001205fc07001821
9f000f5eb31100190349000f522b0800
1b41ad000f03f300001b5ee0000bce93
07001baaad0006f09711001c71a70006
96930200202ea500069b501300231672
00069b500a00000257010000001b08cb
002ccb5a010e00000064000e0e001b50
610019f6ea00001b53220017b8560600
1b46c600157bb5110019f4f70015671c
0a0017b85600154627000017bc750012
05fc070018219f000f5eb31100190349
000f522b08001b41ad000f03f300001b
5ee0000bce9307001baaad0006f09711
001c71a7000696930200202ea500069b
50130023167200069b500a0000025701
0000001b08cb002ccb5a010e00000064
000e0e001b50610019f6ea00001b5322
0017b85606001b46c600157bb5110019
f4f70015671c0a0017b8560015462700
0017bc75001205fc070018219f000f5e
b31100190349000f522b08001b41ad00
0f03f300001b5ee0000bce9307001baa
ad0006f09711001c71a7000696930200
202ea500069b50130023167200069b50
0a00000257010000001b08cb002ccb5a
010e00000064000e0e001b50610019f6
ea00001b53220017b85606001b46c600
157bb5110019f4f70015671c0a0017b8
5600154627000017bc75001205fc0700
18219f000f5eb31100190349000f522b
08001b41ad000f03f300001b5ee0000b
ce9307001baaad0006f09711001c71a7
000696930200202ea500069b50130023
167200069b500a00000257010000001b
08cb002ccb5a010e00000064000e0e00
1b50610019f6ea00001b53220017b856
06001b46c600157bb5110019f4f70015
671c0a0017b85600154627000017bc75
001205fc070018219f000f5eb3110019
0349000f522b08001b41ad000f03f300
001b5ee0000bce9307001baaad0006f0
9711001c71a7000696930200202ea500
069b50130023167200069b500a000002
57010000001b08cb002ccb5a010e0000
0064000e0e001b50610019f6ea00001b
53220017b85606001b46c600157bb511
0019f4f70015671c0a0017b856001546
27000017bc75001205fc070018219f00
0f5eb31100190349000f522b08001b41
ad000f03f300001b5ee0000bce930700
1baaad0006f09711001c71a700069693
0200202ea500069b5013002316720006
9b500a00000257010000001b08cb002c
cb5a010e00000064000e0e001b506100
19f6ea00001b53220017b85606001b46
c600157bb5110019f4f70015671c0a00
17b85600154627000017bc75001205fc
070018219f000f5eb31100190349000f
522b08001b41ad000f03f300001b5ee0
000bce9307001baaad0006f09711001c
71a7000696930200202ea500069b5013
0023167200069b500a00000257010000
001b08cb002ccb5a010e00000064000e
0e001b50610019f6ea00001b53220017
b85606001b46c600157bb5110019f4f7
0015671c0a0017b85600154627000017
bc75001205fc070018219f000f5eb311
00190349000f522b08001b41ad000f03
f300001b5ee0000bce9307001baaad00
06f09711001c71a7000696930200202e
a500069b50130023167200069b500a00
000257010000001b08cb002ccb5a010e
00000064000e0e001b50610019f6ea00
001b53220017b85606001b46c600157b
b5110019f4f70015671c0a0017b85600
154627000017bc75001205fc07001821
9f000f5eb31100190349000f522b0800
1b41ad000f03f300001b5ee0000bce93
07001baaad0006f09711001c71a70006
96930200202ea500069b501300231672
00069b500a00000257010000001b08cb
002ccb5a010e00000064000e0e001b50
610019f6ea00001b53220017b8560600
1b46c600157bb5110019f4f70015671c
0a0017b85600154627000017bc750012
05fc070018219f000f5eb31100190349
000f522b08001b41ad000f03f300001b
5ee0000bce9307001baaad0006f09711
001c71a7000696930200202ea500069b
50130023167200069b500a0000025701
0000001b08cb002ccb5a010e00000064
000e0e001b50610019f6ea00001b5322
0017b85606001b46c600157bb5110019
f4f70015671c0a0017b8560015462700
0017bc75001205fc070018219f000f5e
b31100190349000f522b08001b41ad00
0f03f300001b5ee0000bce9307001baa
ad0006f09711001c71a7000696930200
202ea500069b50130023167200069b50
0a00000257010000001b08cb002ccb5a
010e00000064000e0e001b50610019f6
ea00001b53220017b85606001b46c600
157bb5110019f4f70015671c0a0017b8
5600154627000017bc75001205fc0700
18219f000f5eb31100190349000f522b
08001b41ad000f03f300001b5ee0000b
ce9307001baaad0006f09711001c71a7
000696930200202ea500069b50130023
167200069b500a00000257010000001b
08cb002ccb5a010e00000064000e0e00
1b50610019f6ea00001b53220017b856
06001b46c600157bb5110019f4f70015
671c0a0017b85600154627000017bc75
001205fc070018219f000f5eb3110019
0349000f522b08001b41ad000f03f300
001b5ee0000bce9307001baaad0006f0
9711001c71a7000696930200202ea500
069b50130023167200069b500a000002
57010000001b08cb002ccb5a010e0000
0064000e0e001b50610019f6ea00001b
53220017b85606001b46c600157bb511
0019f4f70015671c0a0017b856001546
27000017bc75001205fc070018219f00
0f5eb31100190349000f522b08001b41
ad000f03f300001b5ee0000bce930700
1baaad0006f09711001c71a700069693
0200202ea500069b5013002316720006
9b500a00000257010000001b08cb002c
cb5a010e00000064000e0e001b506100
19f6ea00001b53220017b85606001b46
c600157bb5110019f4f70015671c0a00
17b85600154627000017bc75001205fc
070018219f000f5eb31100190349000f
522b08001b41ad000f03f300001b5ee0
000bce9307001baaad0006f09711001c
71a7000696930200202ea500069b5013
0023167200069b500a00000257010000
001b08cb002ccb5a010e00000064000e
0e001b50610019f6ea00001b53220017
b85606001b46c600157bb5110019f4f7
0015671c0a0017b85600154627000017
bc75001205fc070018219f000f5eb311
00190349000f522b08001b41ad000f03
f300001b5ee0000bce9307001baaad00
06f09711001c71a7000696930200202e
a500069b50130023167200069b500a00
000257010000001b08cb002ccb5a010e
00000064000e0e001b50610019f6ea00
001b53220017b85606001b46c600157b
b5110019f4f70015671c0a0017b85600
154627000017bc75001205fc07001821
9f000f5eb31100190349000f522b0800
1b41ad000f03f300001b5ee0000bce93
07001baaad0006f09711001c71a70006
96930200202ea500069b501300231672
00069b500a00000256010000001b08cb
002ccb5a010e00000064000e0e001b50
610019f6ea00001b53220017b8560600
1b46c600157bb5110019f4f70015671c
0a0017b85600154627000017bc750012
05fc070018219f000f5eb31100190349
000f522b08001b41ad000f03f300001b
5ee0000bce9307001baaad0006f09711
001c71a7000696930200202ea500069b
50130023167200069b500a0000025601
0000001b08cb002ccb5a010e00000064
000e0e001b50610019f6ea00001b5322
0017b85606001b46c600157bb5110019
f4f70015671c0a0017b8560015462700
0017bc75001205fc070018219f000f5e
b31100190349000f522b08001b41ad00
0f03f300001b5ee0000bce9307001baa
ad0006f09711001c71a7000696930200
202ea500069b50130023167200069b50
0a00000256010000001b08cb002ccb5a
010e00000064000e0e001b50610019f6
ea00001b53220017b85606001b46c600
157bb5110019f4f70015671c0a0017b8
5600154627000017bc75001205fc0700
18219f000f5eb31100190349000f522b
08001b41ad000f03f300001b5ee0000b
ce9307001baaad0006f09711001c71a7
000696930200202ea500069b50130023
167200069b500a00000256010000001b
08cb002ccb5a010e00000064000e0e00
1b50610019f6ea00001b53220017b856
06001b46c600157bb5110019f4f70015
671c0a0017b85600154627000017bc75
001205fc070018219f000f5eb3110019
0349000f522b08001b41ad000f03f300
001b5ee0000bce9307001baaad0006f0
9711001c71a7000696930200202ea500
069b50130023167200069b500a000002
56010000001b08cb002ccb5a010e0000
0064000e0e001b50610019f6ea00001b
53220017b85606001b46c600157bb511
0019f4f70015671c0a0017b856001546
27000017bc75001205fc070018219f00
0f5eb31100190349000f522b08001b41
ad000f03f300001b5ee0000bce930700
1baaad0006f09711001c71a700069693
0200202ea500069b5013002316720006
9b500a00000256010000001b08cb002c
cb5a010e00000064000e0e001b506100
19f6ea00001b53220017b85606001b46
c600157bb5110019f4f70015671c0a00
17b85600154627000017bc75001205fc
070018219f000f5eb31100190349000f
522b08001b41ad000f03f300001b5ee0
000bce9307001baaad0006f09711001c
71a7000696930200202ea500069b5013
0023167200069b500a00000256010000
001b08cb002ccb5a010e00000064000e
0e001b50610019f6ea00001b53220017
b85606001b46c600157bb5110019f4f7
0015671c0a0017b85600154627000017
bc75001205fc070018219f000f5eb311
00190349000f522b08001b41ad000f03
f300001b5ee0000bce9307001baaad00
06f09711001c71a7000696930200202e
a500069b50130023167200069b500a00
000256010000001b08cb002ccb5a010e
00000064000e0e001b50610019f6ea00
001b53220017b85606001b46c600157b
b5110019f4f70015671c0a0017b85600
154627000017bc75001205fc07001821
9f000f5eb31100190349000f522b0800
1b41ad000f03f300001b5ee0000bce93
07001baaad0006f09711001c71a70006
96930200202ea500069b501300231672
00069b500a00000256010000001b08cb
002ccb5a010e00000064000e0e001b50
610019f6ea00001b53220017b8560600
1b46c600157bb5110019f4f70015671c
0a0017b85600154627000017bc750012
05fc070018219f000f5eb31100190349
000f522b08001b41ad000f03f300001b
5ee0000bce9307001baaad0006f09711
001c71a7000696930200202ea500069b
50130023167200069b500a0000025601
0000001b08cb002ccb5a010e00000064
000e0e001b50610019f6ea00001b5322
0017b85606001b46c600157bb5110019
f4f70015671c0a0017b8560015462700
0017bc75001205fc070018219f000f5e
b31100190349000f522b08001b41ad00
0f03f300001b5ee0000bce9307001baa
ad0006f09711001c71a7000696930200
202ea500069b50130023167200069b50
0a00000256010000001b08cb002ccb5a
010e00000064000e0e001b50610019f6
ea00001b53220017b85606001b46c600
157bb5110019f4f70015671c0a0017b8
5600154627000017bc75001205fc0700
18219f000f5eb31100190349000f522b
08001b41ad000f03f300001b5ee0000b
ce9307001baaad0006f09711001c71a7
000696930200202ea500069b50130023
167200069b500a00000256010000001b
08cb002ccb5a010e00000064000e0e00
1b50610019f6ea00001b53220017b856
06001b46c600157bb5110019f4f70015
671c0a0017b85600154627000017bc75
001205fc070018219f000f5eb3110019
0349000f522b08001b41ad000f03f300
001b5ee0000bce9307001baaad0006f0
9711001c71a7000696930200202ea500
069b50130023167200069b500a000002
56010000001b08cb002ccb5a010e0000
0064000e0e001b50610019f6ea00001b
53220017b85606001b46c600157bb511
0019f4f70015671c0a0017b856001546
27000017bc75001205fc070018219f00
0f5eb31100190349000f522b08001b41
ad000f03f300001b5ee0000bce930700
1baaad0006f09711001c71a700069693
0200202ea500069b5013002316720006
9b500a00000256010000001b08cb002c
cb5a010e00000064000e0e001b506100
19f6ea00001b53220017b85606001b46
c600157bb5110019f4f70015671c0a00
17b85600154627000017bc75001205fc
070018219f000f5eb31100190349000f
522b08001b41ad000f03f300001b5ee0
000bce9307001baaad0006f09711001c
71a7000696930200202ea500069b5013
0023167200069b500a00000256010000
001b08cb002ccb5a010e00000064000e
0e001b50610019f6ea00001b53220017
b85606001b46c600157bb5110019f4f7
0015671c0a0017b85600154627000017
bc75001205fc070018219f000f5eb311
00190349000f522b08001b41ad000f03
f300001b5ee0000bce9307001baaad00
06f09711001c71a7000696930200202e
a500069b50130023167200069b500a00
000256010000001b08cb002ccb5a010e
00000064000e0e001b50610019f6ea00
001b53220017b85606001b46c600157b
b5110019f4f70015671c0a0017b85600
154627000017bc75001205fc07001821
9f000f5eb31100190349000f522b0800
1b41ad000f03f300001b5ee0000bce93
07001baaad0006f09711001c71a70006
96930200202ea500069b501300231672
00069b500a00000256010000001b08cb
002ccb5a010e00000064000e0e001b50
610019f6ea00001b53220017b8560600
1b46c600157bb5110019f4f70015671c
0a0017b85600154627000017bc750012
05fc070018219f000f5eb31100190349
000f522b08001b41ad000f03f300001b
5ee0000bce9307001baaad0006f09711
001c71a7000696930200202ea500069b
50130023167200069b500a0000025601
0000001b08cb002ccb5a010e00000064
000e0e001b50610019f6ea00001b5322
0017b85606001b46c600157bb5110019
f4f70015671c0a0017b8560015462700
0017bc75001205fc070018219f000f5e
b31100190349000f522b08001b41ad00
0f03f300001b5ee0000bce9307001baa
ad0006f09711001c71a7000696930200
202ea500069b50130023167200069b50
0a00000256010000001b08cb002ccb5a
010e00000064000e0e001b50610019f6
ea00001b53220017b85606001b46c600
157bb5110019f4f70015671c0a0017b8
5600154627000017bc75001205fc0700
18219f000f5eb31100190349000f522b
08001b41ad000f03f300001b5ee0000b
ce9307001baaad0006f09711001c71a7
000696930200202ea500069b50130023
167200069b500a00000256010000001b
08cb002ccb5a010e00000064000e0e00
1b50610019f6ea00001b53220017b856
06001b46c600157bb5110019f4f70015
671c0a0017b85600154627000017bc75
001205fc070018219f000f5eb3110019
0349000f522b08001b41ad000f03f300
001b5ee0000bce9307001baaad0006f0
9711001c71a7000696930200202ea500
069b50130023167200069b500a000002
56010000001b08cb002ccb5a010e0000
0064000e0e001b50610019f6ea00001b
53220017b85606001b46c600157bb511
0019f4f70015671c0a0017b856001546
27000017bc75001205fc070018219f00
0f5eb31100190349000f522b08001b41
ad000f03f300001b5ee0000bce930700
1baaad0006f09711001c71a700069693
0200202ea500069b5013002316720006
9b500a00000256010000001b08cb002c
cb5a010e00000064000e0e001b506100
19f6ea00001b53220017b85606001b46
c600157bb5110019f4f70015671c0a00
17b85600154627000017bc75001205fc
070018219f000f5eb31100190349000f
522b08001b41ad000f03f300001b5ee0
000bce9307001baaad0006f09711001c
71a7000696930200202ea500069b5013
0023167200069b500a00000256010000
001b08cb002ccb5a010e00000064000e
0e001b50610019f6ea00001b53220017
b85606001b46c600157bb5110019f4f7
0015671c0a0017b85600154627000017
bc75001205fc070018219f000f5eb311
00190349000f522b08001b41ad000f03
f300001b5ee0000bce9307001baaad00
06f09711001c71a7000696930200202e
a500069b50130023167200069b500a00
000256010000001b08cb002ccb5a010e
00000064000e0e001b50610019f6ea00
001b53220017b85606001b46c600157b
b5110019f4f70015671c0a0017b85600
154627000017bc75001205fc07001821
9f000f5eb31100190349000f522b0800
1b41ad000f03f300001b5ee0000bce93
07001baaad0006f09711001c71a70006
96930200202ea500069b501300231672
00069b500a00000256010000001b08cb
002ccb5a010e00000064000e0e001b50
610019f6ea00001b53220017b8560600
1b46c600157bb5110019f4f70015671c
0a0017b85600154627000017bc750012
05fc070018219f000f5eb31100190349
000f522b08001b41ad000f03f300001b
5ee0000bce9307001baaad0006f09711
001c71a7000696930200202ea500069b
50130023167200069b500a0000025601
0000001b08cb002ccb5a010e00000064
000e0e001b50610019f6ea00001b5322
0017b85606001b46c600157bb5110019
f4f70015671c0a0017b8560015462700
0017bc75001205fc070018219f000f5e
b31100190349000f522b08001b41ad00
0f03f300001b5ee0000bce9307001baa
ad0006f09711001c71a7000696930200
202ea500069b50130023167200069b50
0a00000256010000001b08cb002ccb5a
010e00000064000e0e001b50610019f6
ea00001b53220017b85606001b46c600
157bb5110019f4f70015671c0a0017b8
5600154627000017bc75001205fc0700
18219f000f5eb31100190349000f522b
08001b41ad000f03f300001b5ee0000b
ce9307001baaad0006f09711001c71a7
000696930200202ea500069b50130023
167200069b500a00000256010000001b
08cb002ccb5a010e00000064000e0e00
1b50610019f6ea00001b53220017b856
06001b46c600157bb5110019f4f70015
671c0a0017b85600154627000017bc75
001205fc070018219f000f5eb3110019
0349000f522b08001b41ad000f03f300
001b5ee0000bce9307001baaad0006f0
9711001c71a7000696930200202ea500
069b50130023167200069b500a000002
56010000001b08cb002ccb5a010e0000
0064000e0e001b50610019f6ea00001b
53220017b85606001b46c600157bb511
0019f4f70015671c0a0017b856001546
27000017bc75001205fc070018219f00
0f5eb31100190349000f522b08001b41
ad000f03f300001b5ee0000bce930700
1baaad0006f09711001c71a700069693
0200202ea500069b5013002316720006
9b500a00000256010000001b08cb002c
cb5a010e00000064000e0e001b506100
19f6ea00001b53220017b85606001b46
c600157bb5110019f4f70015671c0a00
17b85600154627000017bc75001205fc
070018219f000f5eb31100190349000f
522b08001b41ad000f03f300001b5ee0
000bce9307001baaad0006f09711001c
71a7000696930200202ea500069b5013
0023167200069b500a00000256010000
001b08cb002ccb5a010e00000064000e
0e001b50610019f6ea00001b53220017
b85606001b46c600157bb5110019f4f7
0015671c0a0017b85600154627000017
bc75001205fc070018219f000f5eb311
00190349000f522b08001b41ad000f03
f300001b5ee0000bce9307001baaad00
06f09711001c71a7000696930200202e
a500069b50130023167200069b500a00
000256010000001b08cb002ccb5a010e
00000064000e0e001b50610019f6ea00
001b53220017b85606001b46c600157b
b5110019f4f70015671c0a0017b85600
154627000017bc75001205fc07001821
9f000f5eb31100190349000f522b0800
1b41ad000f03f300001b5ee0000bce93
07001baaad0006f09711001c71a70006
96930200202ea500069b501300231672
00069b500a00000256010000001b08cb
002ccb5a010e00000064000e0e001b50
610019f6ea00001b53220017b8560600
1b46c600157bb5110019f4f70015671c
0a0017b85600154627000017bc750012
05fc070018219f000f5eb31100190349
000f522b08001b41ad000f03f300001b
5ee0000bce9307001baaad0006f09711
001c71a7000696930200202ea500069b
50130023167200069b500a0000025601
0000001b08cb002ccb5a010e00000064
000e0e001b50610019f6ea00001b5322
0017b85606001b46c600157bb5110019
f4f70015671c0a0017b8560015462700
0017bc75001205fc070018219f000f5e
b31100190349000f522b08001b41ad00
0f03f300001b5ee0000bce9307001baa
ad0006f09711001c71a7000696930200
202ea500069b50130023167200069b50
0a00000256010000001b08cb002ccb5a
010e00000064000e0e001b50610019f6
ea00001b53220017b85606001b46c600
157bb5110019f4f70015671c0a0017b8
5600154627000017bc75001205fc0700
18219f000f5eb31100190349000f522b
08001b41ad000f03f300001b5ee0000b
ce9307001baaad0006f09711001c71a7
000696930200202ea500069b50130023
167200069b500a00000256010000001b
08cb002ccb5a010e00000064000e0e00
1b50610019f6ea00001b53220017b856
06001b46c600157bb5110019f4f70015
671c0a0017b85600154627000017bc75
001205fc070018219f000f5eb3110019
0349000f522b08001b41ad000f03f300
001b5ee0000bce9307001baaad0006f0
9711001c71a7000696930200202ea500
069b50130023167200069b500a000002
56010000001b08cb002ccb5a010e0000
0064000e0e001b50610019f6ea00001b
53220017b85606001b46c600157bb511
0019f4f70015671c0a0017b856001546
27000017bc75001205fc070018219f00
0f5eb31100190349000f522b08001b41
ad000f03f300001b5ee0000bce930700
1baaad0006f09711001c71a700069693
0200202ea500069b5013002316720006
9b500a00000256010000001b08cb002c
cb5a010e00000064000e0e001b506100
19f6ea00001b53220017b85606001b46
c600157bb5110019f4f70015671c0a00
17b85600154627000017bc75001205fc
070018219f000f5eb31100190349000f
522b08001b41ad000f03f300001b5ee0
000bce9307001baaad0006f09711001c
71a7000696930200202ea500069b5013
0023167200069b500a00000256010000
001b08cb002ccb5a010e00000064000e
0e001b50610019f6ea00001b53220017
b85606001b46c600157bb5110019f4f7
0015671c0a0017b85600154627000017
bc75001205fc070018219f000f5eb311
00190349000f522b08001b41ad000f03
f300001b5ee0000bce9307001baaad00
06f09711001c71a7000696930200202e
a500069b50130023167200069b500a00
000256010000001b08cb002ccb5a010e
00000064000e0e001b50610019f6ea00
001b53220017b85606001b46c600157b
b5110019f4f70015671c0a0017b85600
154627000017bc75001205fc07001821
9f000f5eb31100190349000f522b0800
1b41ad000f03f300001b5ee0000bce93
07001baaad0006f09711001c71a70006
96930200202ea500069b501300231672
00069b500a00000256010000001b08cb
002ccb5a010e00000064000e0e001b50
610019f6ea00001b53220017b8560600
1b46c600157bb5110019f4f70015671c
0a0017b85600154627000017bc750012
05fc070018219f000f5eb31100190349
000f522b08001b41ad000f03f300001b
5ee0000bce9307001baaad0006f09711
001c71a7000696930200202ea500069b
50130023167200069b500a0000025601
0000001b08cb002ccb5a010e00000064
000e0e001b50610019f6ea00001b5322
0017b85606001b46c600157bb5110019
f4f70015671c0a0017b8560015462700
0017bc75001205fc070018219f000f5e
b31100190349000f522b08001b41ad00
0f03f300001b5ee0000bce9307001baa
ad0006f09711001c71a7000696930200
202ea500069b50130023167200069b50
0a00000256010000001b08cb002ccb5a
010e00000064000e0e001b50610019f6
ea00001b53220017b85606001b46c600
157bb5110019f4f70015671c0a0017b8
5600154627000017bc75001205fc0700
18219f000f5eb31100190349000f522b
08001b41ad000f03f300001b5ee0000b
ce9307001baaad0006f09711001c71a7
000696930200202ea500069b50130023
167200069b500a00000256010000001b
08cb002ccb5a010e00000064000e0e00
1b50610019f6ea00001b53220017b856
06001b46c600157bb5110019f4f70015
671c0a0017b85600154627000017bc75
001205fc070018219f000f5eb3110019
0349000f522b08001b41ad000f03f300
001b5ee0000bce9307001baaad0006f0
9711001c71a7000696930200202ea500
069b50130023167200069b500a000002
56010000001b08cb002ccb5a010e0000
0064000e0e001b50610019f6ea00001b
53220017b85606001b46c600157bb511
0019f4f70015671c0a0017b856001546
27000017bc75001205fc070018219f00
0f5eb31100190349000f522b08001b41
ad000f03f300001b5ee0000bce930700
1baaad0006f09711001c71a700069693
0200202ea500069b5013002316720006
9b500a00000256010000001b08cb002c
cb5a010e00000064000e0e001b506100
19f6ea00001b53220017b85606001b46
c600157bb5110019f4f70015671c0a00
17b85600154627000017bc75001205fc
070018219f000f5eb31100190349000f
522b08001b41ad000f03f300001b5ee0
000bce9307001baaad0006f09711001c
71a7000696930200202ea500069b5013
0023167200069b500a00000256010000
001b08cb002ccb5a010e00000064000e
0e001b50610019f6ea00001b53220017
b85606001b46c600157bb5110019f4f7
0015671c0a0017b85600154627000017
bc75001205fc070018219f000f5eb311
00190349000f522b08001b41ad000f03
f300001b5ee0000bce9307001baaad00
06f09711001c71a7000696930200202e
a500069b50130023167200069b500a00
000256010000001b08cb002ccb5a010e
00000064000e0e001b50610019f6ea00
001b53220017b85606001b46c600157b
b5110019f4f70015671c0a0017b85600
154627000017bc75001205fc07001821
9f000f5eb31100190349000f522b0800
1b41ad000f03f300001b5ee0000bce93
07001baaad0006f09711001c71a70006
96930200202ea500069b501300231672
00069b500a00000256010000001b08cb
002ccb5a010e00000064000e0e001b50
610019f6ea00001b53220017b8560600
1b46c600157bb5110019f4f70015671c
0a0017b85600154627000017bc750012
05fc070018219f000f5eb31100190349
000f522b08001b41ad000f03f300001b
5ee0000bce9307001baaad0006f09711
001c71a7000696930200202ea500069b
50130023167200069b500a0000025601
0000001b08cb002ccb5a010e00000064
000e0e001b50610019f6ea00001b5322
0017b85606001b46c600157bb5110019
f4f70015671c0a0017b8560015462700
0017bc75001205fc070018219f000f5e
b31100190349000f522b08001b41ad00
0f03f300001b5ee0000bce9307001baa
ad0006f09711001c71a7000696930200
202ea500069b50130023167200069b50
0a00000256010000001b08cb002ccb5a
010e00000064000e0e001b50610019f6
ea00001b53220017b85606001b46c600
157bb5110019f4f70015671c0a0017b8
5600154627000017bc75001205fc0700
18219f000f5eb31100190349000f522b
08001b41ad000f03f300001b5ee0000b
ce9307001baaad0006f09711001c71a7
000696930200202ea500069b50130023
167200069b500a00000256010000001b
08cb002ccb5a010e00000064000e0e00
1b50610019f6ea00001b53220017b856
06001b46c600157bb5110019f4f70015
671c0a0017b85600154627000017bc75
001205fc070018219f000f5eb3110019
0349000f522b08001b41ad000f03f300
001b5ee0000bce9307001baaad0006f0
9711001c71a7000696930200202ea500
069b50130023167200069b500a000002
56010000001b08cb002ccb5a010e0000
0064000e0e001b50610019f6ea00001b
53220017b85606001b46c600157bb511
0019f4f70015671c0a0017b856001546
27000017bc75001205fc070018219f00
0f5eb31100190349000f522b08001b41
ad000f03f300001b5ee0000bce930700
1baaad0006f09711001c71a700069693
0200202ea500069b5013002316720006
9b500a00000256010000001b08cb002c
cb5a010e00000064000e0e001b506100
19f6ea00001b53220017b85606001b46
c600157bb5110019f4f70015671c0a00
17b85600154627000017bc75001205fc
070018219f000f5eb31100190349000f
522b08001b41ad000f03f300001b5ee0
000bce9307001baaad0006f09711001c
71a7000696930200202ea500069b5013
0023167200069b500a00000256010000
001b08cb002ccb5a010e00000064000e
0e001b50610019f6ea00001b53220017
b85606001b46c600157bb5110019f4f7
0015671c0a0017b85600154627000017
bc75001205fc070018219f000f5eb311
00190349000f522b08001b41ad000f03
f300001b5ee0000bce9307001baaad00
06f09711001c71a7000696930200202e
a500069b50130023167200069b500a00
000256010000001b08cb002ccb5a010e
00000064000e0e001b50610019f6ea00
001b53220017b85606001b46c600157b
b5110019f4f70015671c0a0017b85600
154627000017bc75001205fc07001821
9f000f5eb31100190349000f522b0800
1b41ad000f03f300001b5ee0000bce93
07001baaad0006f09711001c71a70006
96930200202ea500069b501300231672
00069b500a00000256010000001b08cb
002ccb5a010e00000064000e0e001b50
610019f6ea00001b53220017b8560600
1b46c600157bb5110019f4f70015671c
0a0017b85600154627000017bc750012
05fc070018219f000f5eb31100190349
000f522b08001b41ad000f03f300001b
5ee0000bce9307001baaad0006f09711
001c71a7000696930200202ea500069b
50130023167200069b500a0000025601
0000001b08cb002ccb5a010e00000064
000e0e001b50610019f6ea00001b5322
0017b85606001b46c600157bb5110019
f4f70015671c0a0017b8560015462700
0017bc75001205fc070018219f000f5e
b31100190349000f522b08001b41ad00
0f03f300001b5ee0000bce9307001baa
ad0006f09711001c71a7000696930200
202ea500069b50130023167200069b50
0a00000256010000001b08cb002ccb5a
010e00000064000e0e001b50610019f6
ea00001b53220017b85606001b46c600
157bb5110019f4f70015671c0a0017b8
5600154627000017bc75001205fc0700
18219f000f5eb31100190349000f522b
08001b41ad000f03f300001b5ee0000b
ce9307001baaad0006f09711001c71a7
000696930200202ea500069b50130023
167200069b500a00000255010000001b
08cb002ccb5a010e00000064000e0e00
1b50610019f6ea00001b53220017b856
06001b46c600157bb5110019f4f70015
671c0a0017b85600154627000017bc75
001205fc070018219f000f5eb3110019
0349000f522b08001b41ad000f03f300
001b5ee0000bce9307001baaad0006f0
9711001c71a7000696930200202ea500
069b50130023167200069b500a000002
55010000001b08cb002ccb5a010e0000
0064000e0e001b50610019f6ea00001b
53220017b85606001b46c600157bb511
0019f4f70015671c0a0017b856001546
27000017bc75001205fc070018219f00
0f5eb31100190349000f522b08001b41
ad000f03f300001b5ee0000bce930700
1baaad0006f09711001c71a700069693
0200202ea500069b5013002316720006
9b500a00000255010000001b08cb002c
cb5a010e00000064000e0e001b506100
19f6ea00001b53220017b85606001b46
c600157bb5110019f4f70015671c0a00
17b85600154627000017bc75001205fc
070018219f000f5eb31100190349000f
522b08001b41ad000f03f300001b5ee0
000bce9307001baaad0006f09711001c
71a7000696930200202ea500069b5013
0023167200069b500a00000255010000
001b08cb002ccb5a010e00000064000e
0e001b50610019f6ea00001b53220017
b85606001b46c600157bb5110019f4f7
0015671c0a0017b85600154627000017
bc75001205fc070018219f000f5eb311
00190349000f522b08001b41ad000f03
f300001b5ee0000bce9307001baaad00
06f09711001c71a7000696930200202e
a500069b50130023167200069b500a00
000255010000001b08cb002ccb5a010e
00000064000e0e001b50610019f6ea00
001b53220017b85606001b46c600157b
b5110019f4f70015671c0a0017b85600
154627000017bc75001205fc07001821
9f000f5eb31100190349000f522b0800
1b41ad000f03f300001b5ee0000bce93
07001baaad0006f09711001c71a70006
96930200202ea500069b501300231672
00069b500a00000255010000001b08cb
002ccb5a010e00000064000e0e001b50
610019f6ea00001b53220017b8560600
1b46c600157bb5110019f4f70015671c
0a0017b85600154627000017bc750012
05fc070018219f000f5eb31100190349
000f522b08001b41ad000f03f300001b
5ee0000bce9307001baaad0006f09711
001c71a7000696930200202ea500069b
50130023167200069b500a0000025501
0000001b08cb002ccb5a010e00000064
000e0e001b50610019f6ea00001b5322
0017b85606001b46c600157bb5110019
f4f70015671c0a0017b8560015462700
0017bc75001205fc070018219f000f5e
b31100190349000f522b08001b41ad00
0f03f300001b5ee0000bce9307001baa
ad0006f09711001c71a7000696930200
202ea500069b50130023167200069b50
0a00000255010000001b08cb002ccb5a
010e00000064000e0e001b50610019f6
ea00001b53220017b85606001b46c600
157bb5110019f4f70015671c0a0017b8
5600154627000017bc75001205fc0700
18219f000f5eb31100190349000f522b
08001b41ad000f03f300001b5ee0000b
ce9307001baaad0006f09711001c71a7
000696930200202ea500069b50130023
167200069b500a00000255010000001b
08cb002ccb5a010e00000064000e0e00
1b50610019f6ea00001b53220017b856
06001b46c600157bb5110019f4f70015
671c0a0017b85600154627000017bc75
001205fc070018219f000f5eb3110019
0349000f522b08001b41ad000f03f300
001b5ee0000bce9307001baaad0006f0
9711001c71a7000696930200202ea500
069b50130023167200069b500a000002
55010000001b08cb002ccb5a010e0000
0064000e0e001b50610019f6ea00001b
53220017b85606001b46c600157bb511
0019f4f70015671c0a0017b856001546
27000017bc75001205fc070018219f00
0f5eb31100190349000f522b08001b41
ad000f03f300001b5ee0000bce930700
1baaad0006f09711001c71a700069693
0200202ea500069b5013002316720006
9b500a00000255010000001b08cb002c
cb5a010e00000064000e0e001b506100
19f6ea00001b53220017b85606001b46
c600157bb5110019f4f70015671c0a00
17b85600154627000017bc75001205fc
070018219f000f5eb31100190349000f
522b08001b41ad000f03f300001b5ee0
000bce9307001baaad0006f09711001c
71a7000696930200202ea500069b5013
0023167200069b500a00000255010000
001b08cb002ccb5a010e00000064000e
0e001b50610019f6ea00001b53220017
b85606001b46c600157bb5110019f4f7
0015671c0a0017b85600154627000017
bc75001205fc070018219f000f5eb311
00190349000f522b08001b41ad000f03
f300001b5ee0000bce9307001baaad00
06f09711001c71a7000696930200202e
a500069b50130023167200069b500a00
000255010000001b08cb002ccb5a010e
00000064000e0e001b50610019f6ea00
001b53220017b85606001b46c600157b
b5110019f4f70015671c0a0017b85600
154627000017bc75001205fc07001821
9f000f5eb31100190349000f522b0800
1b41ad000f03f300001b5ee0000bce93
07001baaad0006f09711001c71a70006
96930200202ea500069b501300231672
00069b500a00000255010000001b08cb
002ccb5a010e00000064000e0e001b50
610019f6ea00001b53220017b8560600
1b46c600157bb5110019f4f70015671c
0a0017b85600154627000017bc750012
05fc070018219f000f5eb31100190349
000f522b08001b41ad000f03f300001b
5ee0000bce9307001baaad0006f09711
001c71a7000696930200202ea500069b
50130023167200069b500a0000025501
0000001b08cb002ccb5a010e00000064
000e0e001b50610019f6ea00001b5322
0017b85606001b46c600157bb5110019
f4f70015671c0a0017b8560015462700
0017bc75001205fc070018219f000f5e
b31100190349000f522b08001b41ad00
0f03f300001b5ee0000bce9307001baa
ad0006f09711001c71a7000696930200
202ea500069b50130023167200069b50
0a00000255010000001b08cb002ccb5a
010e00000064000e0e001b50610019f6
ea00001b53220017b85606001b46c600
157bb5110019f4f70015671c0a0017b8
5600154627000017bc75001205fc0700
18219f000f5eb31100190349000f522b
08001b41ad000f03f300001b5ee0000b
ce9307001baaad0006f09711001c71a7
000696930200202ea500069b50130023
167200069b500a00000255010000001b
08cb002ccb5a010e00000064000e0e00
1b50610019f6ea00001b53220017b856
06001b46c600157bb5110019f4f70015
671c0a0017b85600154627000017bc75
001205fc070018219f000f5eb3110019
0349000f522b08001b41ad000f03f300
001b5ee0000bce9307001baaad0006f0
9711001c71a7000696930200202ea500
069b50130023167200069b500a000002
55010000001b08cb002ccb5a010e0000
0064000e0e001b50610019f6ea00001b
53220017b85606001b46c600157bb511
0019f4f70015671c0a0017b856001546
27000017bc75001205fc070018219f00
0f5eb31100190349000f522b08001b41
ad000f03f300001b5ee0000bce930700
1baaad0006f09711001c71a700069693
0200202ea500069b5013002316720006
9b500a00000255010000001b08cb002c
cb5a010e00000064000e0e001b506100
19f6ea00001b53220017b85606001b46
c600157bb5110019f4f70015671c0a00
17b85600154627000017bc75001205fc
070018219f000f5eb31100190349000f
522b08001b41ad000f03f300001b5ee0
000bce9307001baaad0006f09711001c
71a7000696930200202ea500069b5013
0023167200069b500a00000255010000
001b08cb002ccb5a010e00000064000e
0e001b50610019f6ea00001b53220017
b85606001b46c600157bb5110019f4f7
0015671c0a0017b85600154627000017
bc75001205fc070018219f000f5eb311
00190349000f522b08001b41ad000f03
f300001b5ee0000bce9307001baaad00
06f09711001c71a7000696930200202e
a500069b50130023167200069b500a00
000255010000001b08cb002ccb5a010e
00000064000e0e001b50610019f6ea00
001b53220017b85606001b46c600157b
b5110019f4f70015671c0a0017b85600
154627000017bc75001205fc07001821
9f000f5eb31100190349000f522b0800
1b41ad000f03f300001b5ee0000bce93
07001baaad0006f09711001c71a70006
96930200202ea500069b501300231672
00069b500a00000255010000001b08cb
002ccb5a010e00000064000e0e001b50
610019f6ea00001b53220017b8560600
1b46c600157bb5110019f4f70015671c
0a0017b85600154627000017bc750012
05fc070018219f000f5eb31100190349
000f522b08001b41ad000f03f300001b
5ee0000bce9307001baaad0006f09711
001c71a7000696930200202ea500069b
50130023167200069b500a0000025501
0000001b08cb002ccb5a010e00000064
000e0e001b50610019f6ea00001b5322
0017b85606001b46c600157bb5110019
f4f70015671c0a0017b8560015462700
0017bc75001205fc070018219f000f5e
b31100190349000f522b08001b41ad00
0f03f300001b5ee0000bce9307001baa
ad0006f09711001c71a7000696930200
202ea500069b50130023167200069b50
0a00000255010000001b08cb002ccb5a
010e00000064000e0e001b50610019f6
ea00001b53220017b85606001b46c600
157bb5110019f4f70015671c0a0017b8
5600154627000017bc75001205fc0700
18219f000f5eb31100190349000f522b
08001b41ad000f03f300001b5ee0000b
ce9307001baaad0006f09711001c71a7
000696930200202ea500069b50130023
167200069b500a00000255010000001b
08cb002ccb5a010e00000064000e0e00
1b50610019f6ea00001b53220017b856
06001b46c600157bb5110019f4f70015
671c0a0017b85600154627000017bc75
001205fc070018219f000f5eb3110019
0349000f522b08001b41ad000f03f300
001b5ee0000bce9307001baaad0006f0
9711001c71a7000696930200202ea500
069b50130023167200069b500a000002
55010000001b08cb002ccb5a010e0000
0064000e0e001b50610019f6ea00001b
53220017b85606001b46c600157bb511
0019f4f70015671c0a0017b856001546
27000017bc75001205fc070018219f00
0f5eb31100190349000f522b08001b41
ad000f03f300001b5ee0000bce930700
1baaad0006f09711001c71a700069693
0200202ea500069b5013002316720006
9b500a00000255010000001b08cb002c
cb5a010e00000064000e0e001b506100
19f6ea00001b53220017b85606001b46
c600157bb5110019f4f70015671c0a00
17b85600154627000017bc75001205fc
070018219f000f5eb31100190349000f
522b08001b41ad000f03f300001b5ee0
000bce9307001baaad0006f09711001c
71a7000696930200202ea500069b5013
0023167200069b500a00000255010000
001b08cb002ccb5a010e00000064000e
0e001b50610019f6ea00001b53220017
b85606001b46c600157bb5110019f4f7
0015671c0a0017b85600154627000017
bc75001205fc070018219f000f5eb311
00190349000f522b08001b41ad000f03
f300001b5ee0000bce9307001baaad00
06f09711001c71a7000696930200202e
a500069b50130023167200069b500a00
000255010000001b08cb002ccb5a010e
00000064000e0e001b50610019f6ea00
001b53220017b85606001b46c600157b
b5110019f4f70015671c0a0017b85600
154627000017bc75001205fc07001821
9f000f5eb31100190349000f522b0800
1b41ad000f03f300001b5ee0000bce93
07001baaad0006f09711001c71a70006
96930200202ea500069b501300231672
00069b500a00000255010000001b08cb
002ccb5a010e00000064000e0e001b50
610019f6ea00001b53220017b8560600
1b46c600157bb5110019f4f70015671c
0a0017b85600154627000017bc750012
05fc070018219f000f5eb31100190349
000f522b08001b41ad000f03f300001b
5ee0000bce9307001baaad0006f09711
001c71a7000696930200202ea500069b
50130023167200069b500a0000025501
0000001b08cb002ccb5a010e00000064
000e0e001b50610019f6ea00001b5322
0017b85606001b46c600157bb5110019
f4f70015671c0a0017b8560015462700
0017bc75001205fc070018219f000f5e
b31100190349000f522b08001b41ad00
0f03f300001b5ee0000bce9307001baa
ad0006f09711001c71a7000696930200
202ea500069b50130023167200069b50
0a00000255010000001b08cb002ccb5a
010e00000064000e0e001b50610019f6
ea00001b53220017b85606001b46c600
157bb5110019f4f70015671c0a0017b8
5600154627000017bc75001205fc0700
18219f000f5eb31100190349000f522b
08001b41ad000f03f300001b5ee0000b
ce9307001baaad0006f09711001c71a7
000696930200202ea500069b50130023
167200069b500a00000255010000001b
08cb002ccb5a010e00000064000e0e00
1b50610019f6ea00001b53220017b856
06001b46c600157bb5110019f4f70015
671c0a0017b85600154627000017bc75
001205fc070018219f000f5eb3110019
0349000f522b08001b41ad000f03f300
001b5ee0000bce9307001baaad0006f0
9711001c71a7000696930200202ea500
069b50130023167200069b500a000002
55010000001b08cb002ccb5a010e0000
0064000e0e001b50610019f6ea00001b
53220017b85606001b46c600157bb511
0019f4f70015671c0a0017b856001546
27000017bc75001205fc070018219f00
0f5eb31100190349000f522b08001b41
ad000f03f300001b5ee0000bce930700
1baaad0006f09711001c71a700069693
0200202ea500069b5013002316720006
9b500a00000255010000001b08cb002c
cb5a010e00000064000e0e001b506100
19f6ea00001b53220017b85606001b46
c600157bb5110019f4f70015671c0a00
17b85600154627000017bc75001205fc
070018219f000f5eb31100190349000f
522b08001b41ad000f03f300001b5ee0
000bce9307001baaad0006f09711001c
71a7000696930200202ea500069b5013
0023167200069b500a00000255010000
001b08cb002ccb5a010e00000064000e
0e001b50610019f6ea00001b53220017
b85606001b46c600157bb5110019f4f7
0015671c0a0017b85600154627000017
bc75001205fc070018219f000f5eb311
00190349000f522b08001b41ad000f03
f300001b5ee0000bce9307001baaad00
06f09711001c71a7000696930200202e
a500069b50130023167200069b500a00
000255010000001b08cb002ccb5a010e
00000064000e0e001b50610019f6ea00
001b53220017b85606001b46c600157b
b5110019f4f70015671c0a0017b85600
154627000017bc75001205fc07001821
9f000f5eb31100190349000f522b0800
1b41ad000f03f300001b5ee0000bce93
07001baaad0006f09711001c71a70006
96930200202ea500069b501300231672
00069b500a00000255010000001b08cb
002ccb5a010e00000064000e0e001b50
610019f6ea00001b53220017b8560600
1b46c600157bb5110019f4f70015671c
0a0017b85600154627000017bc750012
05fc070018219f000f5eb31100190349
000f522b08001b41ad000f03f300001b
5ee0000bce9307001baaad0006f09711
001c71a7000696930200202ea500069b
50130023167200069b500a0000025501
0000001b08cb002ccb5a010e00000064
000e0e001b50610019f6ea00001b5322
0017b85606001b46c600157bb5110019
f4f70015671c0a0017b8560015462700
0017bc75001205fc070018219f000f5e
b31100190349000f522b08001b41ad00
0f03f300001b5ee0000bce9307001baa
ad0006f09711001c71a7000696930200
202ea500069b50130023167200069b50
0a00000255010000001b08cb002ccb5a
010e00000064000e0e001b50610019f6
ea00001b53220017b85606001b46c600
157bb5110019f4f70015671c0a0017b8
5600154627000017bc75001205fc0700
18219f000f5eb31100190349000f522b
08001b41ad000f03f300001b5ee0000b
ce9307001baaad0006f09711001c71a7
000696930200202ea500069b50130023
167200069b500a00000255010000001b
08cb002ccb5a010e00000064000e0e00
1b50610019f6ea00001b53220017b856
06001b46c600157bb5110019f4f70015
671c0a0017b85600154627000017bc75
001205fc070018219f000f5eb3110019
0349000f522b08001b41ad000f03f300
001b5ee0000bce9307001baaad0006f0
9711001c71a7000696930200202ea500
069b50130023167200069b500a000002
55010000001b08cb002ccb5a010e0000
0064000e0e001b50610019f6ea00001b
53220017b85606001b46c600157bb511
0019f4f70015671c0a0017b856001546
27000017bc75001205fc070018219f00
0f5eb31100190349000f522b08001b41
ad000f03f300001b5ee0000bce930700
1baaad0006f09711001c71a700069693
0200202ea500069b5013002316720006
9b500a00000255010000001b08cb002c
cb5a010e00000064000e0e001b506100
19f6ea00001b53220017b85606001b46
c600157bb5110019f4f70015671c0a00
17b85600154627000017bc75001205fc
070018219f000f5eb31100190349000f
522b08001b41ad000f03f300001b5ee0
000bce9307001baaad0006f09711001c
71a7000696930200202ea500069b5013
0023167200069b500a00000255010000
001b08cb002ccb5a010e00000064000e
0e001b50610019f6ea00001b53220017
b85606001b46c600157bb5110019f4f7
0015671c0a0017b85600154627000017
bc75001205fc070018219f000f5eb311
00190349000f522b08001b41ad000f03
f300001b5ee0000bce9307001baaad00
06f09711001c71a7000696930200202e
a500069b50130023167200069b500a00
000255010000001b08cb002ccb5a010e
00000064000e0e001b50610019f6ea00
001b53220017b85606001b46c600157b
b5110019f4f70015671c0a0017b85600
154627000017bc75001205fc07001821
9f000f5eb31100190349000f522b0800
1b41ad000f03f300001b5ee0000bce93
07001baaad0006f09711001c71a70006
96930200202ea500069b501300231672
00069b500a00000255010000001b08cb
002ccb5a010e00000064000e0e001b50
610019f6ea00001b53220017b8560600
1b46c600157bb5110019f4f70015671c
0a0017b85600154627000017bc750012
05fc070018219f000f5eb31100190349
000f522b08001b41ad000f03f300001b
5ee0000bce9307001baaad0006f09711
001c71a7000696930200202ea500069b
50130023167200069b500a0000025501
0000001b08cb002ccb5a010e00000064
000e0e001b50610019f6ea00001b5322
0017b85606001b46c600157bb5110019
f4f70015671c0a0017b8560015462700
0017bc75001205fc070018219f000f5e
b31100190349000f522b08001b41ad00
0f03f300001b5ee0000bce9307001baa
ad0006f09711001c71a7000696930200
202ea500069b50130023167200069b50
0a00000255010000001b08cb002ccb5a
010e00000064000e0e001b50610019f6
ea00001b53220017b85606001b46c600
157bb5110019f4f70015671c0a0017b8
5600154627000017bc75001205fc0700
18219f000f5eb31100190349000f522b
08001b41ad000f03f300001b5ee0000b
ce9307001baaad0006f09711001c71a7
000696930200202ea500069b50130023
167200069b500a00000255010000001b
08cb002ccb5a010e00000064000e0e00
1b50610019f6ea00001b53220017b856
06001b46c600157bb5110019f4f70015
671c0a0017b85600154627000017bc75
001205fc070018219f000f5eb3110019
0349000f522b08001b41ad000f03f300
001b5ee0000bce9307001baaad0006f0
9711001c71a7000696930200202ea500
069b50130023167200069b500a000002
55010000001b08cb002ccb5a010e0000
0064000e0e001b50610019f6ea00001b
53220017b85606001b46c600157bb511
0019f4f70015671c0a0017b856001546
27000017bc75001205fc070018219f00
0f5eb31100190349000f522b08001b41
ad000f03f300001b5ee0000bce930700
1baaad0006f09711001c71a700069693
0200202ea500069b5013002316720006
9b500a00000255010000001b08cb002c
cb5a010e00000064000e0e001b506100
19f6ea00001b53220017b85606001b46
c600157bb5110019f4f70015671c0a00
17b85600154627000017bc75001205fc
070018219f000f5eb31100190349000f
522b08001b41ad000f03f300001b5ee0
000bce9307001baaad0006f09711001c
71a7000696930200202ea500069b5013
0023167200069b500a00000255010000
001b08cb002ccb5a010e00000064000e
0e001b50610019f6ea00001b53220017
b85606001b46c600157bb5110019f4f7
0015671c0a0017b85600154627000017
bc75001205fc070018219f000f5eb311
00190349000f522b08001b41ad000f03
f300001b5ee0000bce9307001baaad00
06f09711001c71a7000696930200202e
a500069b50130023167200069b500a00
000255010000001b08cb002ccb5a010e
00000064000e0e001b50610019f6ea00
001b53220017b85606001b46c600157b
b5110019f4f70015671c0a0017b85600
154627000017bc75001205fc07001821
9f000f5eb31100190349000f522b0800
1b41ad000f03f300001b5ee0000bce93
07001baaad0006f09711001c71a70006
96930200202ea500069b501300231672
00069b500a00000255010000001b08cb
002ccb5a010e00000064000e0e001b50
610019f6ea00001b53220017b8560600
1b46c600157bb5110019f4f70015671c
0a0017b85600154627000017bc750012
05fc070018219f000f5eb31100190349
000f522b08001b41ad000f03f300001b
5ee0000bce9307001baaad0006f09711
001c71a7000696930200202ea500069b
50130023167200069b500a0000025501
0000001b08cb002ccb5a010e00000064
000e0e001b50610019f6ea00001b5322
0017b85606001b46c600157bb5110019
f4f70015671c0a0017b8560015462700
0017bc75001205fc070018219f000f5e
b31100190349000f522b08001b41ad00
0f03f300001b5ee0000bce9307001baa
ad0006f09711001c71a7000696930200
202ea500069b50130023167200069b50
0a00000255010000001b08cb002ccb5a
010e00000064000e0e001b50610019f6
ea00001b53220017b85606001b46c600
157bb5110019f4f70015671c0a0017b8
5600154627000017bc75001205fc0700
18219f000f5eb31100190349000f522b
08001b41ad000f03f300001b5ee0000b
ce9307001baaad0006f09711001c71a7
000696930200202ea500069b50130023
167200069b500a00000255010000001b
08cb002ccb5a010e00000064000e0e00
1b50610019f6ea00001b53220017b856
06001b46c600157bb5110019f4f70015
671c0a0017b85600154627000017bc75
001205fc070018219f000f5eb3110019
0349000f522b08001b41ad000f03f300
001b5ee0000bce9307001baaad0006f0
9711001c71a7000696930200202ea500
069b50130023167200069b500a000002
55010000001b08cb002ccb5a010e0000
0064000e0e001b50610019f6ea00001b
53220017b85606001b46c600157bb511
0019f4f70015671c0a0017b856001546
27000017bc75001205fc070018219f00
0f5eb31100190349000f522b08001b41
ad000f03f300001b5ee0000bce930700
1baaad0006f09711001c71a700069693
0200202ea500069b5013002316720006
9b500a00000255010000001b08cb002c
cb5a010e00000064000e0e001b506100
19f6ea00001b53220017b85606001b46
c600157bb5110019f4f70015671c0a00
17b85600154627000017bc75001205fc
070018219f000f5eb31100190349000f
522b08001b41ad000f03f300001b5ee0
000bce9307001baaad0006f09711001c
71a7000696930200202ea500069b5013
0023167200069b500a00000255010000
001b08cb002ccb5a010e00000064000e
0e001b50610019f6ea00001b53220017
b85606001b46c600157bb5110019f4f7
0015671c0a0017b85600154627000017
bc75001205fc070018219f000f5eb311
00190349000f522b08001b41ad000f03
f300001b5ee0000bce9307001baaad00
06f09711001c71a7000696930200202e
a500069b50130023167200069b500a00
000255010000001b08cb002ccb5a010e
00000064000e0e001b50610019f6ea00
001b53220017b85606001b46c600157b
b5110019f4f70015671c0a0017b85600
154627000017bc75001205fc07001821
9f000f5eb31100190349000f522b0800
1b41ad000f03f300001b5ee0000bce93
07001baaad0006f09711001c71a70006
96930200202ea500069b501300231672
00069b500a00000254010000001b08cb
002ccb5a010e00000064000e0e001b50
610019f6ea00001b53220017b8560600
1b46c600157bb5110019f4f70015671c
0a0017b85600154627000017bc750012
05fc070018219f000f5eb31100190349
000f522b08001b41ad000f03f300001b
5ee0000bce9307001baaad0006f09711
001c71a7000696930200202ea500069b
50130023167200069b500a0000025401
0000001b08cb002ccb5a010e00000064
000e0e001b50610019f6ea00001b5322
0017b85606001b46c600157bb5110019
f4f70015671c0a0017b8560015462700
0017bc75001205fc070018219f000f5e
b31100190349000f522b08001b41ad00
0f03f300001b5ee0000bce9307001baa
ad0006f09711001c71a7000696930200
202ea500069b50130023167200069b50
0a00000254010000001b08cb002ccb5a
010e00000064000e0e001b50610019f6
ea00001b53220017b85606001b46c600
157bb5110019f4f70015671c0a0017b8
5600154627000017bc75001205fc0700
18219f000f5eb31100190349000f522b
08001b41ad000f03f300001b5ee0000b
ce9307001baaad0006f09711001c71a7
000696930200202ea500069b50130023
167200069b500a00000254010000001b
08cb002ccb5a010e00000064000e0e00
1b50610019f6ea00001b53220017b856
06001b46c600157bb5110019f4f70015
671c0a0017b85600154627000017bc75
001205fc070018219f000f5eb3110019
0349000f522b08001b41ad000f03f300
001b5ee0000bce9307001baaad0006f0
9711001c71a7000696930200202ea500
069b50130023167200069b500a000002
54010000001b08cb002ccb5a010e0000
0064000e0e001b50610019f6ea00001b
53220017b85606001b46c600157bb511
0019f4f70015671c0a0017b856001546
27000017bc75001205fc070018219f00
0f5eb31100190349000f522b08001b41
ad000f03f300001b5ee0000bce930700
1baaad0006f09711001c71a700069693
0200202ea500069b5013002316720006
9b500a00000254010000001b08cb002c
cb5a010e00000064000e0e001b506100
19f6ea00001b53220017b85606001b46
c600157bb5110019f4f70015671c0a00
17b85600154627000017bc75001205fc
070018219f000f5eb31100190349000f
522b08001b41ad000f03f300001b5ee0
000bce9307001baaad0006f09711001c
71a7000696930200202ea500069b5013
0023167200069b500a00000254010000
001b08cb002ccb5a010e00000064000e
0e001b50610019f6ea00001b53220017
b85606001b46c600157bb5110019f4f7
0015671c0a0017b85600154627000017
bc75001205fc070018219f000f5eb311
00190349000f522b08001b41ad000f03
f300001b5ee0000bce9307001baaad00
06f09711001c71a7000696930200202e
a500069b50130023167200069b500a00
000254010000001b08cb002ccb5a010e
00000064000e0e001b50610019f6ea00
001b53220017b85606001b46c600157b
b5110019f4f70015671c0a0017b85600
154627000017bc75001205fc07001821
9f000f5eb31100190349000f522b0800
1b41ad000f03f300001b5ee0000bce93
07001baaad0006f09711001c71a70006
96930200202ea500069b501300231672
00069b500a00000254010000001b08cb
002ccb5a010e00000064000e0e001b50
610019f6ea00001b53220017b8560600
1b46c600157bb5110019f4f70015671c
0a0017b85600154627000017bc750012
05fc070018219f000f5eb31100190349
000f522b08001b41ad000f03f300001b
5ee0000bce9307001baaad0006f09711
001c71a7000696930200202ea500069b
50130023167200069b500a0000025401
0000001b08cb002ccb5a010e00000064
000e0e001b50610019f6ea00001b5322
0017b85606001b46c600157bb5110019
f4f70015671c0a0017b8560015462700
0017bc75001205fc070018219f000f5e
b31100190349000f522b08001b41ad00
0f03f300001b5ee0000bce9307001baa
ad0006f09711001c71a7000696930200
202ea500069b50130023167200069b50
0a00000254010000001b08cb002ccb5a
010e00000064000e0e001b50610019f6
ea00001b53220017b85606001b46c600
157bb5110019f4f70015671c0a0017b8
5600154627000017bc75001205fc0700
18219f000f5eb31100190349000f522b
08001b41ad000f03f300001b5ee0000b
ce9307001baaad0006f09711001c71a7
000696930200202ea500069b50130023
167200069b500a00000254010000001b
08cb002ccb5a010e00000064000e0e00
1b50610019f6ea00001b53220017b856
06001b46c600157bb5110019f4f70015
671c0a0017b85600154627000017bc75
001205fc070018219f000f5eb3110019
0349000f522b08001b41ad000f03f300
001b5ee0000bce9307001baaad0006f0
9711001c71a7000696930200202ea500
069b50130023167200069b500a000002
54010000001b08cb002ccb5a010e0000
0064000e0e001b50610019f6ea00001b
53220017b85606001b46c600157bb511
0019f4f70015671c0a0017b856001546
27000017bc75001205fc070018219f00
0f5eb31100190349000f522b08001b41
ad000f03f300001b5ee0000bce930700
1baaad0006f09711001c71a700069693
0200202ea500069b5013002316720006
9b500a00000254010000001b08cb002c
cb5a010e00000064000e0e001b506100
19f6ea00001b53220017b85606001b46
c600157bb5110019f4f70015671c0a00
17b85600154627000017bc75001205fc
070018219f000f5eb31100190349000f
522b08001b41ad000f03f300001b5ee0
000bce9307001baaad0006f09711001c
71a7000696930200202ea500069b5013
0023167200069b500a00000254010000
001b08cb002ccb5a010e00000064000e
0e001b50610019f6ea00001b53220017
b85606001b46c600157bb5110019f4f7
0015671c0a0017b85600154627000017
bc75001205fc070018219f000f5eb311
00190349000f522b08001b41ad000f03
f300001b5ee0000bce9307001baaad00
06f09711001c71a7000696930200202e
a500069b50130023167200069b500a00
000254010000001b08cb002ccb5a010e
00000064000e0e001b50610019f6ea00
001b53220017b85606001b46c600157b
b5110019f4f70015671c0a0017b85600
154627000017bc75001205fc07001821
9f000f5eb31100190349000f522b0800
1b41ad000f03f300001b5ee0000bce93
07001baaad0006f09711001c71a70006
96930200202ea500069b501300231672
00069b500a00000254010000001b08cb
002ccb5a010e00000064000e0e001b50
610019f6ea00001b53220017b8560600
1b46c600157bb5110019f4f70015671c
0a0017b85600154627000017bc750012
05fc070018219f000f5eb31100190349
000f522b08001b41ad000f03f300001b
5ee0000bce9307001baaad0006f09711
001c71a7000696930200202ea500069b
50130023167200069b500a0000025401
0000001b08cb002ccb5a010e00000064
000e0e001b50610019f6ea00001b5322
0017b85606001b46c600157bb5110019
f4f70015671c0a0017b8560015462700
0017bc75001205fc070018219f000f5e
b31100190349000f522b08001b41ad00
0f03f300001b5ee0000bce9307001baa
ad0006f09711001c71a7000696930200
202ea500069b50130023167200069b50
0a00000254010000001b08cb002ccb5a
010e00000064000e0e001b50610019f6
ea00001b53220017b85606001b46c600
157bb5110019f4f70015671c0a0017b8
5600154627000017bc75001205fc0700
18219f000f5eb31100190349000f522b
08001b41ad000f03f300001b5ee0000b
ce9307001baaad0006f09711001c71a7
000696930200202ea500069b50130023
167200069b500a00000254010000001b
08cb002ccb5a010e00000064000e0e00
1b50610019f6ea00001b53220017b856
06001b46c600157bb5110019f4f70015
671c0a0017b85600154627000017bc75
001205fc070018219f000f5eb3110019
0349000f522b08001b41ad000f03f300
001b5ee0000bce9307001baaad0006f0
9711001c71a7000696930200202ea500
069b50130023167200069b500a000002
54010000001b08cb002ccb5a010e0000
0064000e0e001b50610019f6ea00001b
53220017b85606001b46c600157bb511
0019f4f70015671c0a0017b856001546
27000017bc75001205fc070018219f00
0f5eb31100190349000f522b08001b41
ad000f03f300001b5ee0000bce930700
1baaad0006f09711001c71a700069693
0200202ea500069b5013002316720006
9b500a00000254010000001b08cb002c
cb5a010e00000064000e0e001b506100
19f6ea00001b53220017b85606001b46
c600157bb5110019f4f70015671c0a00
17b85600154627000017bc75001205fc
070018219f000f5eb31100190349000f
522b08001b41ad000f03f300001b5ee0
000bce9307001baaad0006f09711001c
71a7000696930200202ea500069b5013
0023167200069b500a00000254010000
001b08cb002ccb5a010e00000064000e
0e001b50610019f6ea00001b53220017
b85606001b46c600157bb5110019f4f7
0015671c0a0017b85600154627000017
bc75001205fc070018219f000f5eb311
00190349000f522b08001b41ad000f03
f300001b5ee0000bce9307001baaad00
06f09711001c71a7000696930200202e
a500069b50130023167200069b500a00
000254010000001b08cb002ccb5a010e
00000064000e0e001b50610019f6ea00
001b53220017b85606001b46c600157b
b5110019f4f70015671c0a0017b85600
154627000017bc75001205fc07001821
9f000f5eb31100190349000f522b0800
1b41ad000f03f300001b5ee0000bce93
07001baaad0006f09711001c71a70006
96930200202ea500069b501300231672
00069b500a00000254010000001b08cb
002ccb5a010e00000064000e0e001b50
610019f6ea00001b53220017b8560600
1b46c600157bb5110019f4f70015671c
0a0017b85600154627000017bc750012
05fc070018219f000f5eb31100190349
000f522b08001b41ad000f03f300001b
5ee0000bce9307001baaad0006f09711
001c71a7000696930200202ea500069b
50130023167200069b500a0000025401
0000001b08cb002ccb5a010e00000064
000e0e001b50610019f6ea00001b5322
0017b85606001b46c600157bb5110019
f4f70015671c0a0017b8560015462700
0017bc75001205fc070018219f000f5e
b31100190349000f522b08001b41ad00
0f03f300001b5ee0000bce9307001baa
ad0006f09711001c71a7000696930200
202ea500069b50130023167200069b50
0a00000254010000001b08cb002ccb5a
010e00000064000e0e001b50610019f6
ea00001b53220017b85606001b46c600
157bb5110019f4f70015671c0a0017b8
5600154627000017bc75001205fc0700
18219f000f5eb31100190349000f522b
08001b41ad000f03f300001b5ee0000b
ce9307001baaad0006f09711001c71a7
000696930200202ea500069b50130023
167200069b500a00000254010000001b
08cb002ccb5a010e00000064000e0e00
1b50610019f6ea00001b53220017b856
06001b46c600157bb5110019f4f70015
671c0a0017b85600154627000017bc75
001205fc070018219f000f5eb3110019
0349000f522b08001b41ad000f03f300
001b5ee0000bce9307001baaad0006f0
9711001c71a7000696930200202ea500
069b50130023167200069b500a000002
54010000001b08cb002ccb5a010e0000
0064000e0e001b50610019f6ea00001b
53220017b85606001b46c600157bb511
0019f4f70015671c0a0017b856001546
27000017bc75001205fc070018219f00
0f5eb31100190349000f522b08001b41
ad000f03f300001b5ee0000bce930700
1baaad0006f09711001c71a700069693
0200202ea500069b5013002316720006
9b500a00000254010000001b08cb002c
cb5a010e00000064000e0e001b506100
19f6ea00001b53220017b85606001b46
c600157bb5110019f4f70015671c0a00
17b85600154627000017bc75001205fc
070018219f000f5eb31100190349000f
522b08001b41ad000f03f300001b5ee0
000bce9307001baaad0006f09711001c
71a7000696930200202ea500069b5013
0023167200069b500a00000254010000
001b08cb002ccb5a010e00000064000e
0e001b50610019f6ea00001b53220017
b85606001b46c600157bb5110019f4f7
0015671c0a0017b85600154627000017
bc75001205fc070018219f000f5eb311
00190349000f522b08001b41ad000f03
f300001b5ee0000bce9307001baaad00
06f09711001c71a7000696930200202e
a500069b50130023167200069b500a00
000254010000001b08cb002ccb5a010e
00000064000e0e001b50610019f6ea00
001b53220017b85606001b46c600157b
b5110019f4f70015671c0a0017b85600
154627000017bc75001205fc07001821
9f000f5eb31100190349000f522b0800
1b41ad000f03f300001b5ee0000bce93
07001baaad0006f09711001c71a70006
96930200202ea500069b501300231672
00069b500a00000254010000001b08cb
002ccb5a010e00000064000e0e001b50
610019f6ea00001b53220017b8560600
1b46c600157bb5110019f4f70015671c
0a0017b85600154627000017bc750012
05fc070018219f000f5eb31100190349
000f522b08001b41ad000f03f300001b
5ee0000bce9307001baaad0006f09711
001c71a7000696930200202ea500069b
50130023167200069b500a0000025401
0000001b08cb002ccb5a010e00000064
000e0e001b50610019f6ea00001b5322
0017b85606001b46c600157bb5110019
f4f70015671c0a0017b8560015462700
0017bc75001205fc070018219f000f5e
b31100190349000f522b08001b41ad00
0f03f300001b5ee0000bce9307001baa
ad0006f09711001c71a7000696930200
202ea500069b50130023167200069b50
0a00000254010000001b08cb002ccb5a
010e00000064000e0e001b50610019f6
ea00001b53220017b85606001b46c600
157bb5110019f4f70015671c0a0017b8
5600154627000017bc75001205fc0700
18219f000f5eb31100190349000f522b
08001b41ad000f03f300001b5ee0000b
ce9307001baaad0006f09711001c71a7
000696930200202ea500069b50130023
167200069b500a00000254010000001b
08cb002ccb5a010e00000064000e0e00
1b50610019f6ea00001b53220017b856
06001b46c600157bb5110019f4f70015
671c0a0017b85600154627000017bc75
001205fc070018219f000f5eb3110019
0349000f522b08001b41ad000f03f300
001b5ee0000bce9307001baaad0006f0
9711001c71a7000696930200202ea500
069b50130023167200069b500a000002
54010000001b08cb002ccb5a010e0000
0064000e0e001b50610019f6ea00001b
53220017b85606001b46c600157bb511
0019f4f70015671c0a0017b856001546
27000017bc75001205fc070018219f00
0f5eb31100190349000f522b08001b41
ad000f03f300001b5ee0000bce930700
1baaad0006f09711001c71a700069693
0200202ea500069b5013002316720006
9b500a00000254010000001b08cb002c
cb5a010e00000064000e0e001b506100
19f6ea00001b53220017b85606001b46
c600157bb5110019f4f70015671c0a00
17b85600154627000017bc75001205fc
070018219f000f5eb31100190349000f
522b08001b41ad000f03f300001b5ee0
000bce9307001baaad0006f09711001c
71a7000696930200202ea500069b5013
0023167200069b500a00000254010000
001b08cb002ccb5a010e00000064000e
0e001b50610019f6ea00001b53220017
b85606001b46c600157bb5110019f4f7
0015671c0a0017b85600154627000017
bc75001205fc070018219f000f5eb311
00190349000f522b08001b41ad000f03
f300001b5ee0000bce9307001baaad00
06f09711001c71a7000696930200202e
a500069b50130023167200069b500a00
000254010000001b08cb002ccb5a010e
00000064000e0e001b50610019f6ea00
001b53220017b85606001b46c600157b
b5110019f4f70015671c0a0017b85600
154627000017bc75001205fc07001821
9f000f5eb31100190349000f522b0800
1b41ad000f03f300001b5ee0000bce93
07001baaad0006f09711001c71a70006
96930200202ea500069b501300231672
00069b500a00000254010000001b08cb
002ccb5a010e00000064000e0e001b50
610019f6ea00001b53220017b8560600
1b46c600157bb5110019f4f70015671c
0a0017b85600154627000017bc750012
05fc070018219f000f5eb31100190349
000f522b08001b41ad000f03f300001b
5ee0000bce9307001baaad0006f09711
001c71a7000696930200202ea500069b
50130023167200069b500a0000025401
0000001b08cb002ccb5a010e00000064
000e0e001b50610019f6ea00001b5322
0017b85606001b46c600157bb5110019
f4f70015671c0a0017b8560015462700
0017bc75001205fc070018219f000f5e
b31100190349000f522b08001b41ad00
0f03f300001b5ee0000bce9307001baa
ad0006f09711001c71a7000696930200
202ea500069b50130023167200069b50
0a00000254010000001b08cb002ccb5a
010e00000064000e0e001b50610019f6
ea00001b53220017b85606001b46c600
157bb5110019f4f70015671c0a0017b8
5600154627000017bc75001205fc0700
18219f000f5eb31100190349000f522b
08001b41ad000f03f300001b5ee0000b
ce9307001baaad0006f09711001c71a7
000696930200202ea500069b50130023
167200069b500a00000254010000001b
08cb002ccb5a010e00000064000e0e00
1b50610019f6ea00001b53220017b856
06001b46c600157bb5110019f4f70015
671c0a0017b85600154627000017bc75
001205fc070018219f000f5eb3110019
0349000f522b08001b41ad000f03f300
001b5ee0000bce9307001baaad0006f0
9711001c71a7000696930200202ea500
069b50130023167200069b500a000002
54010000001b08cb002ccb5a010e0000
0064000e0e001b50610019f6ea00001b
53220017b85606001b46c600157bb511
0019f4f70015671c0a0017b856001546
27000017bc75001205fc070018219f00
0f5eb31100190349000f522b08001b41
ad000f03f300001b5ee0000bce930700
1baaad0006f09711001c71a700069693
0200202ea500069b5013002316720006
9b500a00000254010000001b08cb002c
cb5a010e00000064000e0e001b506100
19f6ea00001b53220017b85606001b46
c600157bb5110019f4f70015671c0a00
17b85600154627000017bc75001205fc
070018219f000f5eb31100190349000f
522b08001b41ad000f03f300001b5ee0
000bce9307001baaad0006f09711001c
71a7000696930200202ea500069b5013
0023167200069b500a00000254010000
001b08cb002ccb5a010e00000064000e
0e001b50610019f6ea00001b53220017
b85606001b46c600157bb5110019f4f7
0015671c0a0017b85600154627000017
bc75001205fc070018219f000f5eb311
00190349000f522b08001b41ad000f03
f300001b5ee0000bce9307001baaad00
06f09711001c71a7000696930200202e
a500069b50130023167200069b500a00
000254010000001b08cb002ccb5a010e
00000064000e0e001b50610019f6ea00
001b53220017b85606001b46c600157b
b5110019f4f70015671c0a0017b85600
154627000017bc75001205fc07001821
9f000f5eb31100190349000f522b0800
1b41ad000f03f300001b5ee0000bce93
07001baaad0006f09711001c71a70006
96930200202ea500069b501300231672
00069b500a00000254010000001b08cb
002ccb5a010e00000064000e0e001b50
610019f6ea00001b53220017b8560600
1b46c600157bb5110019f4f70015671c
0a0017b85600154627000017bc750012
05fc070018219f000f5eb31100190349
000f522b08001b41ad000f03f300001b
5ee0000bce9307001baaad0006f09711
001c71a7000696930200202ea500069b
50130023167200069b500a0000025401
0000001b08cb002ccb5a010e00000064
000e0e001b50610019f6ea00001b5322
0017b85606001b46c600157bb5110019
f4f70015671c0a0017b8560015462700
0017bc75001205fc070018219f000f5e
b31100190349000f522b08001b41ad00
0f03f300001b5ee0000bce9307001baa
ad0006f09711001c71a7000696930200
202ea500069b50130023167200069b50
0a00000254010000001b08cb002ccb5a
010e00000064000e0e001b50610019f6
ea00001b53220017b85606001b46c600
157bb5110019f4f70015671c0a0017b8
5600154627000017bc75001205fc0700
18219f000f5eb31100190349000f522b
08001b41ad000f03f300001b5ee0000b
ce9307001baaad0006f09711001c71a7
000696930200202ea500069b50130023
167200069b500a00000254010000001b
08cb002ccb5a010e00000064000e0e00
1b50610019f6ea00001b53220017b856
06001b46c600157bb5110019f4f70015
671c0a0017b85600154627000017bc75
001205fc070018219f000f5eb3110019
0349000f522b08001b41ad000f03f300
001b5ee0000bce9307001baaad0006f0
9711001c71a7000696930200202ea500
069b50130023167200069b500a000002
54010000001b08cb002ccb5a010e0000
0064000e0e001b50610019f6ea00001b
53220017b85606001b46c600157bb511
0019f4f70015671c0a0017b856001546
27000017bc75001205fc070018219f00
0f5eb31100190349000f522b08001b41
ad000f03f300001b5ee0000bce930700
1baaad0006f09711001c71a700069693
0200202ea500069b5013002316720006
9b500a00000254010000001b08cb002c
cb5a010e00000064000e0e001b506100
19f6ea00001b53220017b85606001b46
c600157bb5110019f4f70015671c0a00
17b85600154627000017bc75001205fc
070018219f000f5eb31100190349000f
522b08001b41ad000f03f300001b5ee0
000bce9307001baaad0006f09711001c
71a7000696930200202ea500069b5013
0023167200069b500a00000254010000
001b08cb002ccb5a010e00000064000e
0e001b50610019f6ea00001b53220017
b85606001b46c600157bb5110019f4f7
0015671c0a0017b85600154627000017
bc75001205fc070018219f000f5eb311
00190349000f522b08001b41ad000f03
f300001b5ee0000bce9307001baaad00
06f09711001c71a7000696930200202e
a500069b50130023167200069b500a00
000254010000001b08cb002ccb5a010e
00000064000e0e001b50610019f6ea00
001b53220017b85606001b46c600157b
b5110019f4f70015671c0a0017b85600
154627000017bc75001205fc07001821
9f000f5eb31100190349000f522b0800
1b41ad000f03f300001b5ee0000bce93
07001baaad0006f09711001c71a70006
96930200202ea500069b501300231672
00069b500a00000254010000001b08cb
002ccb5a010e00000064000e0e001b50
610019f6ea00001b53220017b8560600
1b46c600157bb5110019f4f70015671c
0a0017b85600154627000017bc750012
05fc070018219f000f5eb31100190349
000f522b08001b41ad000f03f300001b
5ee0000bce9307001baaad0006f09711
001c71a7000696930200202ea500069b
50130023167200069b500a0000025401
0000001b08cb002ccb5a010e00000064
000e0e001b50610019f6ea00001b5322
0017b85606001b46c600157bb5110019
f4f70015671c0a0017b8560015462700
0017bc75001205fc070018219f000f5e
b31100190349000f522b08001b41ad00
0f03f300001b5ee0000bce9307001baa
ad0006f09711001c71a7000696930200
202ea500069b50130023167200069b50
0a00000254010000001b08cb002ccb5a
010e00000064000e0e001b50610019f6
ea00001b53220017b85606001b46c600
157bb5110019f4f70015671c0a0017b8
5600154627000017bc75001205fc0700
18219f000f5eb31100190349000f522b
08001b41ad000f03f300001b5ee0000b
ce9307001baaad0006f09711001c71a7
000696930200202ea500069b50130023
167200069b500a00000253010000001b
08cb002ccb5a010e00000064000e0e00
1b50610019f6ea00001b53220017b856
06001b46c600157bb5110019f4f70015
671c0a0017b85600154627000017bc75
001205fc070018219f000f5eb3110019
0349000f522b08001b41ad000f03f300
001b5ee0000bce9307001baaad0006f0
9711001c71a7000696930200202ea500
069b50130023167200069b500a000002
53010000001b08cb002ccb5a010e0000
0064000e0e001b50610019f6ea00001b
53220017b85606001b46c600157bb511
0019f4f70015671c0a0017b856001546
27000017bc75001205fc070018219f00
0f5eb31100190349000f522b08001b41
ad000f03f300001b5ee0000bce930700
1baaad0006f09711001c71a700069693
0200202ea500069b5013002316720006
9b500a00000253010000001b08cb002c
cb5a010e00000064000e0e001b506100
19f6ea00001b53220017b85606001b46
c600157bb5110019f4f70015671c0a00
17b85600154627000017bc75001205fc
070018219f000f5eb31100190349000f
522b08001b41ad000f03f300001b5ee0
000bce9307001baaad0006f09711001c
71a7000696930200202ea500069b5013
0023167200069b500a00000253010000
001b08cb002ccb5a010e00000064000e
0e001b50610019f6ea00001b53220017
b85606001b46c600157bb5110019f4f7
0015671c0a0017b85600154627000017
bc75001205fc070018219f000f5eb311
00190349000f522b08001b41ad000f03
f300001b5ee0000bce9307001baaad00
06f09711001c71a7000696930200202e
a500069b50130023167200069b500a00
000253010000001b08cb002ccb5a010e
00000064000e0e001b50610019f6ea00
001b53220017b85606001b46c600157b
b5110019f4f70015671c0a0017b85600
154627000017bc75001205fc07001821
9f000f5eb31100190349000f522b0800
1b41ad000f03f300001b5ee0000bce93
07001baaad0006f09711001c71a70006
96930200202ea500069b501300231672
00069b500a00000253010000001b08cb
002ccb5a010e00000064000e0e001b50
610019f6ea00001b53220017b8560600
1b46c600157bb5110019f4f70015671c
0a0017b85600154627000017bc750012
05fc070018219f000f5eb31100190349
000f522b08001b41ad000f03f300001b
5ee0000bce9307001baaad0006f09711
001c71a7000696930200202ea500069b
50130023167200069b500a0000025301
0000001b08cb002ccb5a010e00000064
000e0e001b50610019f6ea00001b5322
0017b85606001b46c600157bb5110019
f4f70015671c0a0017b8560015462700
0017bc75001205fc070018219f000f5e
b31100190349000f522b08001b41ad00
0f03f300001b5ee0000bce9307001baa
ad0006f09711001c71a7000696930200
202ea500069b50130023167200069b50
0a00000253010000001b08cb002ccb5a
010e00000064000e0e001b50610019f6
ea00001b53220017b85606001b46c600
157bb5110019f4f70015671c0a0017b8
5600154627000017bc75001205fc0700
18219f000f5eb31100190349000f522b
08001b41ad000f03f300001b5ee0000b
ce9307001baaad0006f09711001c71a7
000696930200202ea500069b50130023
167200069b500a00000253010000001b
08cb002ccb5a010e00000064000e0e00
1b50610019f6ea00001b53220017b856
06001b46c600157bb5110019f4f70015
671c0a0017b85600154627000017bc75
001205fc070018219f000f5eb3110019
0349000f522b08001b41ad000f03f300
001b5ee0000bce9307001baaad0006f0
9711001c71a7000696930200202ea500
069b50130023167200069b500a000002
53010000001b08cb002ccb5a010e0000
0064000e0e001b50610019f6ea00001b
53220017b85606001b46c600157bb511
0019f4f70015671c0a0017b856001546
27000017bc75001205fc070018219f00
0f5eb31100190349000f522b08001b41
ad000f03f300001b5ee0000bce930700
1baaad0006f09711001c71a700069693
0200202ea500069b5013002316720006
9b500a00000253010000001b08cb002c
cb5a010e00000064000e0e001b506100
19f6ea00001b53220017b85606001b46
c600157bb5110019f4f70015671c0a00
17b85600154627000017bc75001205fc
070018219f000f5eb31100190349000f
522b08001b41ad000f03f300001b5ee0
000bce9307001baaad0006f09711001c
71a7000696930200202ea500069b5013
0023167200069b500a00000253010000
001b08cb002ccb5a010e00000064000e
0e001b50610019f6ea00001b53220017
b85606001b46c600157bb5110019f4f7
0015671c0a0017b85600154627000017
bc75001205fc070018219f000f5eb311
00190349000f522b08001b41ad000f03
f300001b5ee0000bce9307001baaad00
06f09711001c71a7000696930200202e
a500069b50130023167200069b500a00
000253010000001b08cb002ccb5a010e
00000064000e0e001b50610019f6ea00
001b53220017b85606001b46c600157b
b5110019f4f70015671c0a0017b85600
154627000017bc75001205fc07001821
9f000f5eb31100190349000f522b0800
1b41ad000f03f300001b5ee0000bce93
07001baaad0006f09711001c71a70006
96930200202ea500069b501300231672
00069b500a00000253010000001b08cb
002ccb5a010e00000064000e0e001b50
610019f6ea00001b53220017b8560600
1b46c600157bb5110019f4f70015671c
0a0017b85600154627000017bc750012
05fc070018219f000f5eb31100190349
000f522b08001b41ad000f03f300001b
5ee0000bce9307001baaad0006f09711
001c71a7000696930200202ea500069b
50130023167200069b500a0000025301
0000001b08cb002ccb5a010e00000064
000e0e001b50610019f6ea00001b5322
0017b85606001b46c600157bb5110019
f4f70015671c0a0017b8560015462700
0017bc75001205fc070018219f000f5e
b31100190349000f522b08001b41ad00
0f03f300001b5ee0000bce9307001baa
ad0006f09711001c71a7000696930200
202ea500069b50130023167200069b50
0a00000253010000001b08cb002ccb5a
010e00000064000e0e001b50610019f6
ea00001b53220017b85606001b46c600
157bb5110019f4f70015671c0a0017b8
5600154627000017bc75001205fc0700
18219f000f5eb31100190349000f522b
08001b41ad000f03f300001b5ee0000b
ce9307001baaad0006f09711001c71a7
000696930200202ea500069b50130023
167200069b500a00000253010000001b
08cb002ccb5a010e00000064000e0e00
1b50610019f6ea00001b53220017b856
06001b46c600157bb5110019f4f70015
671c0a0017b85600154627000017bc75
001205fc070018219f000f5eb3110019
0349000f522b08001b41ad000f03f300
001b5ee0000bce9307001baaad0006f0
9711001c71a7000696930200202ea500
069b50130023167200069b500a000002
53010000001b08cb002ccb5a010e0000
0064000e0e001b50610019f6ea00001b
53220017b85606001b46c600157bb511
0019f4f70015671c0a0017b856001546
27000017bc75001205fc070018219f00
0f5eb31100190349000f522b08001b41
ad000f03f300001b5ee0000bce930700
1baaad0006f09711001c71a700069693
0200202ea500069b5013002316720006
9b500a00000253010000001b08cb002c
cb5a010e00000064000e0e001b506100
19f6ea00001b53220017b85606001b46
c600157bb5110019f4f70015671c0a00
17b85600154627000017bc75001205fc
070018219f000f5eb31100190349000f
522b08001b41ad000f03f300001b5ee0
000bce9307001baaad0006f09711001c
71a7000696930200202ea500069b5013
0023167200069b500a00000253010000
001b08cb002ccb5a010e00000064000e
0e001b50610019f6ea00001b53220017
b85606001b46c600157bb5110019f4f7
0015671c0a0017b85600154627000017
bc75001205fc070018219f000f5eb311
00190349000f522b08001b41ad000f03
f300001b5ee0000bce9307001baaad00
06f09711001c71a7000696930200202e
a500069b50130023167200069b500a00
000253010000001b08cb002ccb5a010e
00000064000e0e001b50610019f6ea00
001b53220017b85606001b46c600157b
b5110019f4f70015671c0a0017b85600
154627000017bc75001205fc07001821
9f000f5eb31100190349000f522b0800
1b41ad000f03f300001b5ee0000bce93
07001baaad0006f09711001c71a70006
96930200202ea500069b501300231672
00069b500a00000253010000001b08cb
002ccb5a010e00000064000e0e001b50
610019f6ea00001b53220017b8560600
1b46c600157bb5110019f4f70015671c
0a0017b85600154627000017bc750012
05fc070018219f000f5eb31100190349
000f522b08001b41ad000f03f300001b
5ee0000bce9307001baaad0006f09711
001c71a7000696930200202ea500069b
50130023167200069b500a0000025301
0000001b08cb002ccb5a010e00000064
000e0e001b50610019f6ea00001b5322
0017b85606001b46c600157bb5110019
f4f70015671c0a0017b8560015462700
0017bc75001205fc070018219f000f5e
b31100190349000f522b08001b41ad00
0f03f300001b5ee0000bce9307001baa
ad0006f09711001c71a7000696930200
202ea500069b50130023167200069b50
0a00000253010000001b08cb002ccb5a
010e00000064000e0e001b50610019f6
ea00001b53220017b85606001b46c600
157bb5110019f4f70015671c0a0017b8
5600154627000017bc75001205fc0700
18219f000f5eb31100190349000f522b
08001b41ad000f03f300001b5ee0000b
ce9307001baaad0006f09711001c71a7
000696930200202ea500069b50130023
167200069b500a00000253010000001b
08cb002ccb5a010e00000064000e0e00
1b50610019f6ea00001b53220017b856
06001b46c600157bb5110019f4f70015
671c0a0017b85600154627000017bc75
001205fc070018219f000f5eb3110019
0349000f522b08001b41ad000f03f300
001b5ee0000bce9307001baaad0006f0
9711001c71a7000696930200202ea500
069b50130023167200069b500a000002
53010000001b08cb002ccb5a010e0000
0064000e0e001b50610019f6ea00001b
53220017b85606001b46c600157bb511
0019f4f70015671c0a0017b856001546
27000017bc75001205fc070018219f00
0f5eb31100190349000f522b08001b41
ad000f03f300001b5ee0000bce930700
1baaad0006f09711001c71a700069693
0200202ea500069b5013002316720006
9b500a00000253010000001b08cb002c
cb5a010e00000064000e0e001b506100
19f6ea00001b53220017b85606001b46
c600157bb5110019f4f70015671c0a00
17b85600154627000017bc75001205fc
070018219f000f5eb31100190349000f
522b08001b41ad000f03f300001b5ee0
000bce9307001baaad0006f09711001c
71a7000696930200202ea500069b5013
0023167200069b500a00000253010000
001b08cb002ccb5a010e00000064000e
0e001b50610019f6ea00001b53220017
b85606001b46c600157bb5110019f4f7
0015671c0a0017b85600154627000017
bc75001205fc070018219f000f5eb311
00190349000f522b08001b41ad000f03
f300001b5ee0000bce9307001baaad00
06f09711001c71a7000696930200202e
a500069b50130023167200069b500a00
000253010000001b08cb002ccb5a010e
00000064000e0e001b50610019f6ea00
001b53220017b85606001b46c600157b
b5110019f4f70015671c0a0017b85600
154627000017bc75001205fc07001821
9f000f5eb31100190349000f522b0800
1b41ad000f03f300001b5ee0000bce93
07001baaad0006f09711001c71a70006
96930200202ea500069b501300231672
00069b500a00000253010000001b08cb
002ccb5a010e00000064000e0e001b50
610019f6ea00001b53220017b8560600
1b46c600157bb5110019f4f70015671c
0a0017b85600154627000017bc750012
05fc070018219f000f5eb31100190349
000f522b08001b41ad000f03f300001b
5ee0000bce9307001baaad0006f09711
001c71a7000696930200202ea500069b
50130023167200069b500a0000025301
0000001b08cb002ccb5a010e00000064
000e0e001b50610019f6ea00001b5322
0017b85606001b46c600157bb5110019
f4f70015671c0a0017b8560015462700
0017bc75001205fc070018219f000f5e
b31100190349000f522b08001b41ad00
0f03f300001b5ee0000bce9307001baa
ad0006f09711001c71a7000696930200
202ea500069b50130023167200069b50
0a00000253010000001b08cb002ccb5a
010e00000064000e0e001b50610019f6
ea00001b53220017b85606001b46c600
157bb5110019f4f70015671c0a0017b8
5600154627000017bc75001205fc0700
18219f000f5eb31100190349000f522b
08001b41ad000f03f300001b5ee0000b
ce9307001baaad0006f09711001c71a7
000696930200202ea500069b50130023
167200069b500a00000253010000001b
08cb002ccb5a010e00000064000e0e00
1b50610019f6ea00001b53220017b856
06001b46c600157bb5110019f4f70015
671c0a0017b85600154627000017bc75
001205fc070018219f000f5eb3110019
0349000f522b08001b41ad000f03f300
001b5ee0000bce9307001baaad0006f0
9711001c71a7000696930200202ea500
069b50130023167200069b500a000002
53010000001b08cb002ccb5a010e0000
0064000e0e001b50610019f6ea00001b
53220017b85606001b46c600157bb511
0019f4f70015671c0a0017b856001546
27000017bc75001205fc070018219f00
0f5eb31100190349000f522b08001b41
ad000f03f300001b5ee0000bce930700
1baaad0006f09711001c71a700069693
0200202ea500069b5013002316720006
9b500a00000253010000001b08cb002c
cb5a010e00000064000e0e001b506100
19f6ea00001b53220017b85606001b46
c600157bb5110019f4f70015671c0a00
17b85600154627000017bc75001205fc
070018219f000f5eb31100190349000f
522b08001b41ad000f03f300001b5ee0
000bce9307001baaad0006f09711001c
71a7000696930200202ea500069b5013
0023167200069b500a00000253010000
001b08cb002ccb5a010e00000064000e
0e001b50610019f6ea00001b53220017
b85606001b46c600157bb5110019f4f7
0015671c0a0017b85600154627000017
bc75001205fc070018219f000f5eb311
00190349000f522b08001b41ad000f03
f300001b5ee0000bce9307001baaad00
06f09711001c71a7000696930200202e
a500069b50130023167200069b500a00
000253010000001b08cb002ccb5a010e
00000064000e0e001b50610019f6ea00
001b53220017b85606001b46c600157b
b5110019f4f70015671c0a0017b85600
154627000017bc75001205fc07001821
9f000f5eb31100190349000f522b0800
1b41ad000f03f300001b5ee0000bce93
07001baaad0006f09711001c71a70006
96930200202ea500069b501300231672
00069b500a00000253010000001b08cb
002ccb5a010e00000064000e0e001b50
610019f6ea00001b53220017b8560600
1b46c600157bb5110019f4f70015671c
0a0017b85600154627000017bc750012
05fc070018219f000f5eb31100190349
000f522b08001b41ad000f03f300001b
5ee0000bce9307001baaad0006f09711
001c71a7000696930200202ea500069b
50130023167200069b500a0000025301
0000001b08cb002ccb5a010e00000064
000e0e001b50610019f6ea00001b5322
0017b85606001b46c600157bb5110019
f4f70015671c0a0017b8560015462700
0017bc75001205fc070018219f000f5e
b31100190349000f522b08001b41ad00
0f03f300001b5ee0000bce9307001baa
ad0006f09711001c71a7000696930200
202ea500069b50130023167200069b50
0a00000253010000001b08cb002ccb5a
010e00000064000e0e001b50610019f6
ea00001b53220017b85606001b46c600
157bb5110019f4f70015671c0a0017b8
5600154627000017bc75001205fc0700
18219f000f5eb31100190349000f522b
08001b41ad000f03f300001b5ee0000b
ce9307001baaad0006f09711001c71a7
000696930200202ea500069b50130023
167200069b500a00000253010000001b
08cb002ccb5a010e00000064000e0e00
1b50610019f6ea00001b53220017b856
06001b46c600157bb5110019f4f70015
671c0a0017b85600154627000017bc75
001205fc070018219f000f5eb3110019
0349000f522b08001b41ad000f03f300
001b5ee0000bce9307001baaad0006f0
9711001c71a7000696930200202ea500
069b50130023167200069b500a000002
53010000001b08cb002ccb5a010e0000
0064000e0e001b50610019f6ea00001b
53220017b85606001b46c600157bb511
0019f4f70015671c0a0017b856001546
27000017bc75001205fc070018219f00
0f5eb31100190349000f522b08001b41
ad000f03f300001b5ee0000bce930700
1baaad0006f09711001c71a700069693
0200202ea500069b5013002316720006
9b500a00000253010000001b08cb002c
cb5a010e00000064000e0e001b506100
19f6ea00001b53220017b85606001b46
c600157bb5110019f4f70015671c0a00
17b85600154627000017bc75001205fc
070018219f000f5eb31100190349000f
522b08001b41ad000f03f300001b5ee0
000bce9307001baaad0006f09711001c
71a7000696930200202ea500069b5013
0023167200069b500a00000253010000
001b08cb002ccb5a010e00000064000e
0e001b50610019f6ea00001b53220017
b85606001b46c600157bb5110019f4f7
0015671c0a0017b85600154627000017
bc75001205fc070018219f000f5eb311
00190349000f522b08001b41ad000f03
f300001b5ee0000bce9307001baaad00
06f09711001c71a7000696930200202e
a500069b50130023167200069b500a00
000253010000001b08cb002ccb5a010e
00000064000e0e001b50610019f6ea00
001b53220017b85606001b46c600157b
b5110019f4f70015671c0a0017b85600
154627000017bc75001205fc07001821
9f000f5eb31100190349000f522b0800
1b41ad000f03f300001b5ee0000bce93
07001baaad0006f09711001c71a70006
96930200202ea500069b501300231672
00069b500a00000253010000001b08cb
002ccb5a010e00000064000e0e001b50
610019f6ea00001b53220017b8560600
1b46c600157bb5110019f4f70015671c
0a0017b85600154627000017bc750012
05fc070018219f000f5eb31100190349
000f522b08001b41ad000f03f300001b
5ee0000bce9307001baaad0006f09711
001c71a7000696930200202ea500069b
50130023167200069b500a0000025301
0000001b08cb002ccb5a010e00000064
000e0e001b50610019f6ea00001b5322
0017b85606001b46c600157bb5110019
f4f70015671c0a0017b8560015462700
0017bc75001205fc070018219f000f5e
b31100190349000f522b08001b41ad00
0f03f300001b5ee0000bce9307001baa
ad0006f09711001c71a7000696930200
202ea500069b50130023167200069b50
0a00000253010000001b08cb002ccb5a
010e00000064000e0e001b50610019f6
ea00001b53220017b85606001b46c600
157bb5110019f4f70015671c0a0017b8
5600154627000017bc75001205fc0700
18219f000f5eb31100190349000f522b
08001b41ad000f03f300001b5ee0000b
ce9307001baaad0006f09711001c71a7
000696930200202ea500069b50130023
167200069b500a00000253010000001b
08cb002ccb5a010e00000064000e0e00
1b50610019f6ea00001b53220017b856
06001b46c600157bb5110019f4f70015
671c0a0017b85600154627000017bc75
001205fc070018219f000f5eb3110019
0349000f522b08001b41ad000f03f300
001b5ee0000bce9307001baaad0006f0
9711001c71a7000696930200202ea500
069b50130023167200069b500a000002
53010000001b08cb002ccb5a010e0000
0064000e0e001b50610019f6ea00001b
53220017b85606001b46c600157bb511
0019f4f70015671c0a0017b856001546
27000017bc75001205fc070018219f00
0f5eb31100190349000f522b08001b41
ad000f03f300001b5ee0000bce930700
1baaad0006f09711001c71a700069693
0200202ea500069b5013002316720006
9b500a00000253010000001b08cb002c
cb5a010e00000064000e0e001b506100
19f6ea00001b53220017b85606001b46
c600157bb5110019f4f70015671c0a00
17b85600154627000017bc75001205fc
070018219f000f5eb31100190349000f
522b08001b41ad000f03f300001b5ee0
000bce9307001baaad0006f09711001c
71a7000696930200202ea500069b5013
0023167200069b500a00000253010000
001b08cb002ccb5a010e00000064000e
0e001b50610019f6ea00001b53220017
b85606001b46c600157bb5110019f4f7
0015671c0a0017b85600154627000017
bc75001205fc070018219f000f5eb311
00190349000f522b08001b41ad000f03
f300001b5ee0000bce9307001baaad00
06f09711001c71a7000696930200202e
a500069b50130023167200069b500a00
000253010000001b08cb002ccb5a010e
00000064000e0e001b50610019f6ea00
001b53220017b85606001b46c600157b
b5110019f4f70015671c0a0017b85600
154627000017bc75001205fc07001821
9f000f5eb31100190349000f522b0800
1b41ad000f03f300001b5ee0000bce93
07001baaad0006f09711001c71a70006
96930200202ea500069b501300231672
00069b500a00000253010000001b08cb
002ccb5a010e00000064000e0e001b50
610019f6ea00001b53220017b8560600
1b46c600157bb5110019f4f70015671c
0a0017b85600154627000017bc750012
05fc070018219f000f5eb31100190349
000f522b08001b41ad000f03f300001b
5ee0000bce9307001baaad0006f09711
001c71a7000696930200202ea500069b
50130023167200069b500a0000025301
0000001b08cb002ccb5a010e00000064
000e0e001b50610019f6ea00001b5322
0017b85606001b46c600157bb5110019
f4f70015671c0a0017b8560015462700
0017bc75001205fc070018219f000f5e
b31100190349000f522b08001b41ad00
0f03f300001b5ee0000bce9307001baa
ad0006f09711001c71a7000696930200
202ea500069b50130023167200069b50
0a00000253010000001b08cb002ccb5a
010e00000064000e0e001b50610019f6
ea00001b53220017b85606001b46c600
157bb5110019f4f70015671c0a0017b8
5600154627000017bc75001205fc0700
18219f000f5eb31100190349000f522b
08001b41ad000f03f300001b5ee0000b
ce9307001baaad0006f09711001c71a7
000696930200202ea500069b50130023
167200069b500a00000253010000001b
08cb002ccb5a010e00000064000e0e00
1b50610019f6ea00001b53220017b856
06001b46c600157bb5110019f4f70015
671c0a0017b85600154627000017bc75
001205fc070018219f000f5eb3110019
0349000f522b08001b41ad000f03f300
001b5ee0000bce9307001baaad0006f0
9711001c71a7000696930200202ea500
069b50130023167200069b500a000002
53010000001b08cb002ccb5a010e0000
0064000e0e001b50610019f6ea00001b
53220017b85606001b46c600157bb511
0019f4f70015671c0a0017b856001546
27000017bc75001205fc070018219f00
0f5eb31100190349000f522b08001b41
ad000f03f300001b5ee0000bce930700
1baaad0006f09711001c71a700069693
0200202ea500069b5013002316720006
9b500a00000253010000001b08cb002c
cb5a010e00000064000e0e001b506100
19f6ea00001b53220017b85606001b46
c600157bb5110019f4f70015671c0a00
17b85600154627000017bc75001205fc
070018219f000f5eb31100190349000f
522b08001b41ad000f03f300001b5ee0
000bce9307001baaad0006f09711001c
71a7000696930200202ea500069b5013
0023167200069b500a00000253010000
001b08cb002ccb5a010e00000064000e
0e001b50610019f6ea00001b53220017
b85606001b46c600157bb5110019f4f7
0015671c0a0017b85600154627000017
bc75001205fc070018219f000f5eb311
00190349000f522b08001b41ad000f03
f300001b5ee0000bce9307001baaad00
06f09711001c71a7000696930200202e
a500069b50130023167200069b500a00
000253010000001b08cb002ccb5a010e
00000064000e0e001b50610019f6ea00
001b53220017b85606001b46c600157b
b5110019f4f70015671c0a0017b85600
154627000017bc75001205fc07001821
9f000f5eb31100190349000f522b0800
1b41ad000f03f300001b5ee0000bce93
07001baaad0006f09711001c71a70006
96930200202ea500069b501300231672
00069b500a00000252010000001b08cb
002ccb5a010e00000064000e0e001b50
610019f6ea00001b53220017b8560600
1b46c600157bb5110019f4f70015671c
0a0017b85600154627000017bc750012
05fc070018219f000f5eb31100190349
000f522b08001b41ad000f03f300001b
5ee0000bce9307001baaad0006f09711
001c71a7000696930200202ea500069b
50130023167200069b500a0000025201
0000001b08cb002ccb5a010e00000064
000e0e001b50610019f6ea00001b5322
0017b85606001b46c600157bb5110019
f4f70015671c0a0017b8560015462700
0017bc75001205fc070018219f000f5e
b31100190349000f522b08001b41ad00
0f03f300001b5ee0000bce9307001baa
ad0006f09711001c71a7000696930200
202ea500069b50130023167200069b50
0a00000252010000001b08cb002ccb5a
010e00000064000e0e001b50610019f6
ea00001b53220017b85606001b46c600
157bb5110019f4f70015671c0a0017b8
5600154627000017bc75001205fc0700
18219f000f5eb31100190349000f522b
08001b41ad000f03f300001b5ee0000b
ce9307001baaad0006f09711001c71a7
000696930200202ea500069b50130023
167200069b500a00000252010000001b
08cb002ccb5a010e00000064000e0e00
1b50610019f6ea00001b53220017b856
06001b46c600157bb5110019f4f70015
671c0a0017b85600154627000017bc75
001205fc070018219f000f5eb3110019
0349000f522b08001b41ad000f03f300
001b5ee0000bce9307001baaad0006f0
9711001c71a7000696930200202ea500
069b50130023167200069b500a000002
52010000001b08cb002ccb5a010e0000
0064000e0e001b50610019f6ea00001b
53220017b85606001b46c600157bb511
0019f4f70015671c0a0017b856001546
27000017bc75001205fc070018219f00
0f5eb31100190349000f522b08001b41
ad000f03f300001b5ee0000bce930700
1baaad0006f09711001c71a700069693
0200202ea500069b5013002316720006
9b500a00000252010000001b08cb002c
cb5a010e00000064000e0e001b506100
19f6ea00001b53220017b85606001b46
c600157bb5110019f4f70015671c0a00
17b85600154627000017bc75001205fc
070018219f000f5eb31100190349000f
522b08001b41ad000f03f300001b5ee0
000bce9307001baaad0006f09711001c
71a7000696930200202ea500069b5013
0023167200069b500a00000252010000
001b08cb002ccb5a010e00000064000e
0e001b50610019f6ea00001b53220017
b85606001b46c600157bb5110019f4f7
0015671c0a0017b85600154627000017
bc75001205fc070018219f000f5eb311
00190349000f522b08001b41ad000f03
f300001b5ee0000bce9307001baaad00
06f09711001c71a7000696930200202e
a500069b50130023167200069b500a00
000252010000001b08cb002ccb5a010e
00000064000e0e001b50610019f6ea00
001b53220017b85606001b46c600157b
b5110019f4f70015671c0a0017b85600
154627000017bc75001205fc07001821
9f000f5eb31100190349000f522b0800
1b41ad000f03f300001b5ee0000bce93
07001baaad0006f09711001c71a70006
96930200202ea500069b501300231672
00069b500a00000252010000001b08cb
002ccb5a010e00000064000e0e001b50
610019f6ea00001b53220017b8560600
1b46c600157bb5110019f4f70015671c
0a0017b85600154627000017bc750012
05fc070018219f000f5eb31100190349
000f522b08001b41ad000f03f300001b
5ee0000bce9307001baaad0006f09711
001c71a7000696930200202ea500069b
50130023167200069b500a0000025201
0000001b08cb002ccb5a010e00000064
000e0e001b50610019f6ea00001b5322
0017b85606001b46c600157bb5110019
f4f70015671c0a0017b8560015462700
0017bc75001205fc070018219f000f5e
b31100190349000f522b08001b41ad00
0f03f300001b5ee0000bce9307001baa
ad0006f09711001c71a7000696930200
202ea500069b50130023167200069b50
0a00000252010000001b08cb002ccbe5
010e00530064000e0e001b50610019f6
ea00001b53220017b85606001b46c600
157bb5110019f4f70015671c0a0017b8
5600154627000017bc75001205fc0700
18219f000f5eb31100190349000f522b
08001b41ad000f03f300001b5ee0000b
ce9307001baaad0006f09711001c71a7
000696930200202ea500069b50130023
167200069b500a00000252010000001b
08cb002cccf1010e00a10064000e0e00
1b50610019f6ea00001b53220017b856
06001b46c600157bb5110019f4f70015
671c0a0017b85600154627000017bc75
001205fc070018219f000f5eb3110019
0349000f522b08001b41ad000f03f300
001b5ee0000bce9307001baaad0006f0
9711001c71a7000696930200202ea500
069b50130023167200069b500a000002
52010000001b08cb002cce75010f00e9
0064000e0e001b50610019f6ea00001b
53220017b85606001b46c600157bb511
0019f4f70015671c0a0017b856001546
27000017bc75001205fc070018219f00
0f5eb31100190349000f522b08001b41
ad000f03f300001b5ee0000bce930700
1baaad0006f09711001c71a700069693
0200202ea500069b5013002316720006
9b500a00000252010000001b08d2002c
d0680110012c0064000e0e001b506100
19f6ea00001b53220017b85606001b46
c600157bb5110019f4f70015671c0a00
17b85600154627000017bc75001205fc
070018219f000f5eb31100190349000f
522b08001b41ad000f03f300001b5ee0
000bce9307001baaad0006f09711001c
71a7000696930200202ea500069b5013
0023167200069b500a00000252010000
001b08e4002cd2c20112016a0064000e
0e001b50610019f6ea00001b53220017
b85606001b46c600157bb5110019f4f7
0015671c0a0017b85600154627000017
bc75001205fc070018219f000f5eb311
00190349000f522b08001b41ad000f03
f300001b5ee0000bce9307001baaad00
06f09711001c71a7000696930200202e
a500069b50130023167200069b500a00
000252010000001b0908002cd57c0113
01a30064000e0e001b50610019f6ea00
001b53220017b85606001b46c600157b
b5110019f4f70015671c0a0017b85600
154627000017bc75001205fc07001821
9f000f5eb31100190349000f522b0800
1b41ad000f03f300001b5ee0000bce93
07001baaad0006f09711001c71a70006
96930200202ea500069b501300231672
00069b500a00000252010000001b0940
002cd88e011401d90064000e0e001b50
610019f6ea00001b53220017b8560600
1b46c600157bb5110019f4f70015671c
0a0017b85600154627000017bc750012
05fc070018219f000f5eb31100190349
000f522b08001b41ad000f03f300001b
5ee0000bce9307001baaad0006f09711
001c71a7000696930200202ea500069b
50130023167200069b500a0000025201
0000001b0991002cdbf10116020a0064
000e0e001b50610019f6ea00001b5322
0017b85606001b46c600157bb5110019
f4f70015671c0a0017b8560015462700
0017bc75001205fc070018219f000f5e
b31100190349000f522b08001b41ad00
0f03f300001b5ee0000bce9307001baa
ad0006f09711001c71a7000696930200
202ea500069b50130023167200069b50
0a00000252010000001b09fd002cdf9e
011702380064000e0e001b50610019f6
ea00001b53220017b85606001b46c600
157bb5110019f4f70015671c0a0017b8
5600154627000017bc75001205fc0700
18219f000f5eb31100190349000f522b
08001b41ad000f03f300001b5ee0000b
ce9307001baaad0006f09711001c71a7
000696930200202ea500069b50130023
167200069b500a00000252010000001b
0a88002ce38f011802630064000e0e00
1b50610019f6ea00001b53220017b856
06001b46c600157bb5110019f4f70015
671c0a0017b85600154627000017bc75
001205fc070018219f000f5eb3110019
0349000f522b08001b41ad000f03f300
001b5ee0000bce9307001baaad0006f0
9711001c71a7000696930200202ea500
069b50130023167200069b500a000002
52010000001b0b32002ce7be0119028b
0064000e0e001b50610019f6ea00001b
53220017b85606001b46c600157bb511
0019f4f70015671c0a0017b856001546
27000017bc75001205fc070018219f00
0f5eb31100190349000f522b08001b41
ad000f03f300001b5ee0000bce930700
1baaad0006f09711001c71a700069693
0200202ea500069b5013002316720006
9b500a00000252010000001b0bff002c
ec26011b02b00064000e0e001b506100
19f6ea00001b53220017b85606001b46
c600157bb5110019f4f70015671c0a00
17b85600154627000017bc75001205fc
070018219f000f5eb31100190349000f
522b08001b41ad000f03f300001b5ee0
000bce9307001baaad0006f09711001c
71a7000696930200202ea500069b5013
0023167200069b500a00000252010000
001b0cf0002cf0c1011c02d20064000e
0e001b50610019f6ea00001b53220017
b85606001b46c600157bb5110019f4f7
0015671c0a0017b85600154627000017
bc75001205fc070018219f000f5eb311
00190349000f522b08001b41ad000f03
f300001b5ee0000bce9307001baaad00
06f09711001c71a7000696930200202e
a500069b50130023167200069b500a00
000252010000001b0de9002cf517011c
02ab0064000e0e001b50610019f6ea00
001b53220017b85606001b46c600157b
b5110019f4f70015671c0a0017b85600
154627000017bc75001205fc07001821
9f000f5eb31100190349000f522b0800
1b41ad000f03f300001b5ee0000bce93
07001baaad0006f09711001c71a70006
96930200202ea500069b501300231672
00069b500a00000252010000001b0ee1
002cf92e011c02850064000e0e001b50
610019f6ea00001b53220017b8560600
1b46c600157bb5110019f4f70015671c
0a0017b85600154627000017bc750012
05fc070018219f000f5eb31100190349
000f522b08001b41ad000f03f300001b
5ee0000bce9307001baaad0006f09711
001c71a7000696930200202ea500069b
50130023167200069b500a0000025201
0000001b0fd0002cfd0b011c02620064
000e0e001b50610019f6ea00001b5322
0017b85606001b46c600157bb5110019
f4f70015671c0a0017b8560015462700
0017bc75001205fc070018219f000f5e
b31100190349000f522b08001b41ad00
0f03f300001b5ee0000bce9307001baa
ad0006f09711001c71a7000696930200
202ea500069b50130023167200069b50
0a00000252010000001b10b5002d00b1
011c02410064000e0e001b50610019f6
ea00001b53220017b85606001b46c600
157bb5110019f4f70015671c0a0017b8
5600154627000017bc75001205fc0700
18219f000f5eb31100190349000f522b
08001b41ad000f03f300001b5ee0000b
ce9307001baaad0006f09711001c71a7
000696930200202ea500069b50130023
167200069b500a00000252010000001b
118f002d0425011c02220064000e0e00
1b50610019f6ea00001b53220017b856
06001b46c600157bb5110019f4f70015
671c0a0017b85600154627000017bc75
001205fc070018219f000f5eb3110019
0349000f522b08001b41ad000f03f300
001b5ee0000bce9307001baaad0006f0
9711001c71a7000696930200202ea500
069b50130023167200069b500a000002
52010000001b125f002d0769011c0205
0064000e0e001b50610019f6ea00001b
53220017b85606001b46c600157bb511
0019f4f70015671c0a0017b856001546
27000017bc75001205fc070018219f00
0f5eb31100190349000f522b08001b41
ad000f03f300001b5ee0000bce930700
1baaad0006f09711001c71a700069693
0200202ea500069b5013002316720006
9b500a00000252010000001b1323002d
0a7f011c01e90064000e0e001b506100
19f6ea00001b53220017b85606001b46
c600157bb5110019f4f70015671c0a00
17b85600154627000017bc75001205fc
070018219f000f5eb31100190349000f
522b08001b41ad000f03f300001b5ee0
000bce9307001baaad0006f09711001c
71a7000696930200202ea500069b5013
0023167200069b500a00000252010000
001b13dd002d0d6b011c01ce0064000e
0e001b50610019f6ea00001b53220017
b85606001b46c600157bb5110019f4f7
0015671c0a0017b85600154627000017
bc75001205fc070018219f000f5eb311
00190349000f522b08001b41ad000f03
f300001b5ee0000bce9307001baaad00
06f09711001c71a7000696930200202e
a500069b50130023167200069b500a00
000252010000001b148c002d102f011c
01b50064000e0e001b50610019f6ea00
001b53220017b85606001b46c600157b
b5110019f4f70015671c0a0017b85600
154627000017bc75001205fc07001821
9f000f5eb31100190349000f522b0800
1b41ad000f03f300001b5ee0000bce93
07001baaad0006f09711001c71a70006
96930200202ea500069b501300231672
00069b500a00000252010000001b1533
002d12cc011c019e0064000e0e001b50
610019f6ea00001b53220017b8560600
1b46c600157bb5110019f4f70015671c
0a0017b85600154627000017bc750012
05fc070018219f000f5eb31100190349
000f522b08001b41ad000f03f300001b
5ee0000bce9307001baaad0006f09711
001c71a7000696930200202ea500069b
50130023167200069b500a0000025201
0000001b15d0002d1544011c01870064
000e0e001b50610019f6ea00001b5322
0017b85606001b46c600157bb5110019
f4f70015671c0a0017b8560015462700
0017bc75001205fc070018219f000f5e
b31100190349000f522b08001b41ad00
0f03f300001b5ee0000bce9307001baa
ad0006f09711001c71a7000696930200
202ea500069b50130023167200069b50
0a00000252010000001b1665002d179b
011c01720064000e0e001b50610019f6
ea00001b53220017b85606001b46c600
157bb5110019f4f70015671c0a0017b8
5600154627000017bc75001205fc0700
18219f000f5eb31100190349000f522b
08001b41ad000f03f300001b5ee0000b
ce9307001baaad0006f09711001c71a7
000696930200202ea500069b50130023
167200069b500a00000252010000001b
16f2002d19d1011c015e0064000e0e00
1b50610019f6ea00001b53220017b856
06001b46c600157bb5110019f4f70015
671c0a0017b85600154627000017bc75
001205fc070018219f000f5eb3110019
0349000f522b08001b41ad000f03f300
001b5ee0000bce9307001baaad0006f0
9711001c71a7000696930200202ea500
069b50130023167200069b500a000002
52010000001b1777002d1be8011c014b
0064000e0e001b50610019f6ea00001b
53220017b85606001b46c600157bb511
0019f4f70015671c0a0017b856001546
27000017bc75001205fc070018219f00
0f5eb31100190349000f522b08001b41
ad000f03f300001b5ee0000bce930700
1baaad0006f09711001c71a700069693
0200202ea500069b5013002316720006
9b500a00000252010000001b17f5002d
1de3011c01390064000e0e001b506100
19f6ea00001b53220017b85606001b46
c600157bb5110019f4f70015671c0a00
17b85600154627000017bc75001205fc
070018219f000f5eb31100190349000f
522b08001b41ad000f03f300001b5ee0
000bce9307001baaad0006f09711001c
71a7000696930200202ea500069b5013
0023167200069b500a00000252010000
001b186d002d1fc2011c01280064000e
0e001b50610019f6ea00001b53220017
b85606001b46c600157bb5110019f4f7
0015671c0a0017b85600154627000017
bc75001205fc070018219f000f5eb311
00190349000f522b08001b41ad000f03
f300001b5ee0000bce9307001baaad00
06f09711001c71a7000696930200202e
a500069b50130023167200069b500a00
000252010000001b18dd002d2187011c
01180064000e0e001b50610019f6ea00
001b53220017b85606001b46c600157b
b5110019f4f70015671c0a0017b85600
154627000017bc75001205fc07001821
9f000f5eb31100190349000f522b0800
1b41ad000f03f300001b5ee0000bce93
07001baaad0006f09711001c71a70006
96930200202ea500069b501300231672
00069b500a00000252010000001b1948
002d2333011c01090064000e0e001b50
610019f6ea00001b53220017b8560600
1b46c600157bb5110019f4f70015671c
0a0017b85600154627000017bc750012
05fc070018219f000f5eb31100190349
000f522b08001b41ad000f03f300001b
5ee0000bce9307001baaad0006f09711
001c71a7000696930200202ea500069b
50130023167200069b500a0000025201
0000001b19ad002d24c9011c00fb0064
000e0e001b50610019f6ea00001b5322
0017b85606001b46c600157bb5110019
f4f70015671c0a0017b8560015462700
0017bc75001205fc070018219f000f5e
b31100190349000f522b08001b41ad00
0f03f300001b5ee0000bce9307001baa
ad0006f09711001c71a7000696930200
202ea500069b50130023167200069b50
0a00000252010000001b1a0c002d2649
011c00ed0064000e0e001b50610019f6
ea00001b53220017b85606001b46c600
157bb5110019f4f70015671c0a0017b8
5600154627000017bc75001205fc0700
18219f000f5eb31100190349000f522b
08001b41ad000f03f300001b5ee0000b
ce9307001baaad0006f09711001c71a7
000696930200202ea500069b50130023
167200069b500a00000252010000001b
1a66002d27b3011c00e00064000e0e00
1b50610019f6ea00001b53220017b856
06001b46c600157bb5110019f4f70015
671c0a0017b85600154627000017bc75
001205fc070018219f000f5eb3110019
0349000f522b08001b41ad000f03f300
001b5ee0000bce9307001baaad0006f0
9711001c71a7000696930200202ea500
069b50130023167200069b500a000002
52010000001b1abc002d290a011c00d4
0064000e0e001b50610019f6ea00001b
53220017b85606001b46c600157bb511
0019f4f70015671c0a0017b856001546
27000017bc75001205fc070018219f00
0f5eb31100190349000f522b08001b41
ad000f03f300001b5ee0000bce930700
1baaad0006f09711001c71a700069693
0200202ea500069b5013002316720006
9b500a00000252010000001b1b0c002d
2a4f011c00c90064000e0e001b506100
19f6ea00001b53220017b85606001b46
c600157bb5110019f4f70015671c0a00
17b85600154627000017bc75001205fc
070018219f000f5eb31100190349000f
522b08001b41ad000f03f300001b5ee0
000bce9307001baaad0006f09711001c
71a7000696930200202ea500069b5013
0023167200069b500a00000252010000
001b1b79002d2c03011c010e0064000e
0e001b50610019f6ea00001b53220017
b85606001b46c600157bb5110019f4f7
0015671c0a0017b85600154627000017
bc75001205fc070018219f000f5eb311
00190349000f522b08001b41ad000f03
f300001b5ee0000bce9307001baaad00
06f09711001c71a7000696930200202e
a500069b50130023167200069b500a00
000252010000001b1bff002d2e20011c
014e0064000e0e001b50610019f6ea00
001b53220017b85606001b46c600157b
b5110019f4f70015671c0a0017b85600
154627000017bc75001205fc07001821
9f000f5eb31100190349000f522b0800
1b41ad000f03f300001b5ee0000bce93
07001baaad0006f09711001c71a70006
96930200202ea500069b501300231672
00069b500a00000252010000001b1c9e
002d309c011c018a0064000e0e001b50
610019f6ea00001b53220017b8560600
1b46c600157bb5110019f4f70015671c
0a0017b85600154627000017bc750012
05fc070018219f000f5eb31100190349
000f522b08001b41ad000f03f300001b
5ee0000bce9307001baaad0006f09711
001c71a7000696930200202ea500069b
50130023167200069b500a0000025201
0000001b1d53002d3373011c01c10064
000e0e001b50610019f6ea00001b5322
0017b85606001b46c600157bb5110019
f4f70015671c0a0017b8560015462700
0017bc75001205fc070018219f000f5e
b31100190349000f522b08001b41ad00
0f03f300001b5ee0000bce9307001baa
ad0006f09711001c71a7000696930200
202ea500069b50130023167200069b50
0a00000252010000001b1e1c002d369d
011c01f50064000e0e001b50610019f6
ea00001b53220017b85606001b46c600
157bb5110019f4f70015671c0a0017b8
5600154627000017bc75001205fc0700
18219f000f5eb31100190349000f522b
08001b41ad000f03f300001b5ee0000b
ce9307001baaad0006f09711001c71a7
000696930200202ea500069b50130023
167200069b500a00000252010000001b
1ef9002d3a14011c02250064000e0e00
1b50610019f6ea00001b53220017b856
06001b46c600157bb5110019f4f70015
671c0a0017b85600154627000017bc75
001205fc070018219f000f5eb3110019
0349000f522b08001b41ad000f03f300
001b5ee0000bce9307001baaad0006f0
9711001c71a7000696930200202ea500
069b50130023167200069b500a000002
52010000001b1fe8002d3dd3011c0251
0064000e0e001b50610019f6ea00001b
53220017b85606001b46c600157bb511
0019f4f70015671c0a0017b856001546
27000017bc75001205fc070018219f00
0f5eb31100190349000f522b08001b41
ad000f03f300001b5ee0000bce930700
1baaad0006f09711001c71a700069693
0200202ea500069b5013002316720006
9b500a00000252010000001b20e7002d
41d6011c027a0064000e0e001b506100
19f6ea00001b53220017b85606001b46
c600157bb5110019f4f70015671c0a00
17b85600154627000017bc75001205fc
070018219f000f5eb31100190349000f
522b08001b41ad000f03f300001b5ee0
000bce9307001baaad0006f09711001c
71a7000696930200202ea500069b5013
0023167200069b500a00000252010000
001b21f6002d4616011c02a10064000e
0e001b50610019f6ea00001b53220017
b85606001b46c600157bb5110019f4f7
0015671c0a0017b85600154627000017
bc75001205fc070018219f000f5eb311
00190349000f522b08001b41ad000f03
f300001b5ee0000bce9307001baaad00
06f09711001c71a7000696930200202e
a500069b50130023167200069b500a00
000252010000001b2313002d4a90011c
02c50064000e0e001b50610019f6ea00
001b53220017b85606001b46c600157b
b5110019f4f70015671c0a0017b85600
154627000017bc75001205fc07001821
9f000f5eb31100190349000f522b0800
1b41ad000f03f300001b5ee0000bce93
07001baaad0006f09711001c71a70006
96930200202ea500069b501300231672
00069b500a00000252010000001b243e
002d4f40011c02e60064000e0e001b50
610019f6ea00001b53220017b8560600
1b46c600157bb5110019f4f70015671c
0a0017b85600154627000017bc750012
05fc070018219f000f5eb31100190349
000f522b08001b41ad000f03f300001b
5ee0000bce9307001baaad0006f09711
001c71a7000696930200202ea500069b
50130023167200069b500a0000025201
0000001b2575002d5421011c03050064
000e0e001b50610019f6ea00001b5322
0017b85606001b46c600157bb5110019
f4f70015671c0a0017b8560015462700
0017bc75001205fc070018219f000f5e
b31100190349000f522b08001b41ad00
0f03f300001b5ee0000bce9307001baa
ad0006f09711001c71a7000696930200
202ea500069b50130023167200069b50
0a00000252010000001b26b7002d5931
011c03210064000e0e001b50610019f6
ea00001b53220017b85606001b46c600
157bb5110019f4f70015671c0a0017b8
5600154627000017bc75001205fc0700
18219f000f5eb31100190349000f522b
08001b41ad000f03f300001b5ee0000b
ce9307001baaad0006f09711001c71a7
000696930200202ea500069b50130023
167200069b500a00000251010000001b
2804002d5e6c011c033c0064000e0e00
1b50610019f6ea00001b53220017b856
06001b46c600157bb5110019f4f70015
671c0a0017b85600154627000017bc75
001205fc070018219f000f5eb3110019
0349000f522b08001b41ad000f03f300
001b5ee0000bce9307001baaad0006f0
9711001c71a7000696930200202ea500
069b50130023167200069b500a000002
51010000001b295c002d63cf011c0355
0064000e0e001b50610019f6ea00001b
53220017b85606001b46c600157bb511
0019f4f70015671c0a0017b856001546
27000017bc75001205fc070018219f00
0f5eb31100190349000f522b08001b41
ad000f03f300001b5ee0000bce930700
1baaad0006f09711001c71a700069693
0200202ea500069b5013002316720006
9b500a00000251010000001b2abc002d
6957011c036c0064000e0e001b506100
19f6ea00001b53220017b85606001b46
c600157bb5110019f4f70015671c0a00
17b85600154627000017bc75001205fc
070018219f000f5eb31100190349000f
522b08001b41ad000f03f300001b5ee0
000bce9307001baaad0006f09711001c
71a7000696930200202ea500069b5013
0023167200069b500a00000251010000
001b2c25002d6f02011c03810064000e
0e001b50610019f6ea00001b53220017
b85606001b46c600157bb5110019f4f7
0015671c0a0017b85600154627000017
bc75001205fc070018219f000f5eb311
00190349000f522b08001b41ad000f03
f300001b5ee0000bce9307001baaad00
06f09711001c71a7000696930200202e
a500069b50130023167200069b500a00
000251010000001b2d96002d74cd011c
03950064000e0e001b50610019f6ea00
001b53220017b85606001b46c600157b
b5110019f4f70015671c0a0017b85600
154627000017bc75001205fc07001821
9f000f5eb31100190349000f522b0800
1b41ad000f03f300001b5ee0000bce93
07001baaad0006f09711001c71a70006
96930200202ea500069b501300231672
00069b500a00000251010000001b2f0e
002d7ab5011c03a70064000e0e001b50
610019f6ea00001b53220017b8560600
1b46c600157bb5110019f4f70015671c
0a0017b85600154627000017bc750012
05fc070018219f000f5eb31100190349
000f522b08001b41ad000f03f300001b
5ee0000bce9307001baaad0006f09711
001c71a7000696930200202ea500069b
50130023167200069b500a0000025101
0000001b308e002d80ba011c03b80064
000e0e001b50610019f6ea00001b5322
0017b85606001b46c600157bb5110019
f4f70015671c0a0017b8560015462700
0017bc75001205fc070018219f000f5e
b31100190349000f522b08001b41ad00
0f03f300001b5ee0000bce9307001baa
ad0006f09711001c71a7000696930200
202ea500069b50130023167200069b50
0a00000251010000001b3213002d86d8
011c03c80064000e0e001b50610019f6
ea00001b53220017b85606001b46c600
157bb5110019f4f70015671c0a0017b8
5600154627000017bc75001205fc0700
18219f000f5eb31100190349000f522b
08001b41ad000f03f300001b5ee0000b
ce9307001baaad0006f09711001c71a7
000696930200202ea500069b50130023
167200069b500a00000251010000001b
339f002d8d0e011c03d70064000e0e00
1b50610019f6ea00001b53220017b856
06001b46c600157bb5110019f4f70015
671c0a0017b85600154627000017bc75
001205fc070018219f000f5eb3110019
0349000f522b08001b41ad000f03f300
001b5ee0000bce9307001baaad0006f0
9711001c71a7000696930200202ea500
069b50130023167200069b500a000002
51010000001b3530002d935a011c03e5
0064000e0e001b50610019f6ea00001b
53220017b85606001b46c600157bb511
0019f4f70015671c0a0017b856001546
27000017bc75001205fc070018219f00
0f5eb31100190349000f522b08001b41
ad000f03f300001b5ee0000bce930700
1baaad0006f09711001c71a700069693
0200202ea500069b5013002316720006
9b500a00000251010000001b36c6002d
99bb011c03f20064000e0e001b506100
19f6ea00001b53220017b85606001b46
c600157bb5110019f4f70015671c0a00
17b85600154627000017bc75001205fc
070018219f000f5eb31100190349000f
522b08001b41ad000f03f300001b5ee0
000bce9307001baaad0006f09711001c
71a7000696930200202ea500069b5013
0023167200069b500a00000251010000
001b3861002da02f011c03fe0064000e
0e001b50610019f6ea00001b53220017
b85606001b46c600157bb5110019f4f7
0015671c0a0017b85600154627000017
bc75001205fc070018219f000f5eb311
00190349000f522b08001b41ad000f03
f300001b5ee0000bce9307001baaad00
06f09711001c71a7000696930200202e
a500069b50130023167200069b500a00
000251010000001b39e6002da64a011c
03c60064000e0e001b50610019f6ea00
001b53220017b85606001b46c600157b
b5110019f4f70015671c0a0017b85600
154627000017bc75001205fc07001821
9f000f5eb31100190349000f522b0800
1b41ad000f03f300001b5ee0000bce93
07001baaad0006f09711001c71a70006
96930200202ea500069b501300231672
00069b500a00000251010000001b3b56
002dac10011c03920064000e0e001b50
610019f6ea00001b53220017b8560600
1b46c600157bb5110019f4f70015671c
0a0017b85600154627000017bc750012
05fc070018219f000f5eb31100190349
000f522b08001b41ad000f03f300001b
5ee0000bce9307001baaad0006f09711
001c71a7000696930200202ea500069b
50130023167200069b500a0000025101
0000001b3cb2002db186011c03600064
000e0e001b50610019f6ea00001b5322
0017b85606001b46c600157bb5110019
f4f70015671c0a0017b8560015462700
0017bc75001205fc070018219f000f5e
b31100190349000f522b08001b41ad00
0f03f300001b5ee0000bce9307001baa
ad0006f09711001c71a7000696930200
202ea500069b50130023167200069b50
0a00000251010000001b3dfb002db6b1
011c03320064000e0e001b50610019f6
ea00001b53220017b85606001b46c600
157bb5110019f4f70015671c0a0017b8
5600154627000017bc75001205fc0700
18219f000f5eb31100190349000f522b
08001b41ad000f03f300001b5ee0000b
ce9307001baaad0006f09711001c71a7
000696930200202ea500069b50130023
167200069b500a00000251010000001b
3f32002dbb94011c03050064000e0e00
1b50610019f6ea00001b53220017b856
06001b46c600157bb5110019f4f70015
671c0a0017b85600154627000017bc75
001205fc070018219f000f5eb3110019
0349000f522b08001b41ad000f03f300
001b5ee0000bce9307001baaad0006f0
9711001c71a7000696930200202ea500
069b50130023167200069b500a000002
51010000001b4059002dc033011c02dc
0064000e0e001b50610019f6ea00001b
53220017b85606001b46c600157bb511
0019f4f70015671c0a0017b856001546
27000017bc75001205fc070018219f00
0f5eb31100190349000f522b08001b41
ad000f03f300001b5ee0000bce930700
1baaad0006f09711001c71a700069693
0200202ea500069b5013002316720006
9b500a00000251010000001b416f002d
c492011c02b40064000e0e001b506100
19f6ea00001b53220017b85606001b46
c600157bb5110019f4f70015671c0a00
17b85600154627000017bc75001205fc
070018219f000f5eb31100190349000f
522b08001b41ad000f03f300001b5ee0
000bce9307001baaad0006f09711001c
71a7000696930200202ea500069b5013
0023167200069b500a00000251010000
001b4277002dc8b5011c028f0064000e
0e001b50610019f6ea00001b53220017
b85606001b46c600157bb5110019f4f7
0015671c0a0017b85600154627000017
bc75001205fc070018219f000f5eb311
00190349000f522b08001b41ad000f03
f300001b5ee0000bce9307001baaad00
06f09711001c71a7000696930200202e
a500069b50130023167200069b500a00
000251010000001b4370002dcc9e011c
026b0064000e0e001b50610019f6ea00
001b53220017b85606001b46c600157b
b5110019f4f70015671c0a0017b85600
154627000017bc75001205fc07001821
9f000f5eb31100190349000f522b0800
1b41ad000f03f300001b5ee0000bce93
07001baaad0006f09711001c71a70006
96930200202ea500069b501300231672
00069b500a00000251010000001b445b
002dd051011c024a0064000e0e001b50
610019f6ea00001b53220017b8560600
1b46c600157bb5110019f4f70015671c
0a0017b85600154627000017bc750012
05fc070018219f000f5eb31100190349
000f522b08001b41ad000f03f300001b
5ee0000bce9307001baaad0006f09711
001c71a7000696930200202ea500069b
50130023167200069b500a0000025101
0000001b453a002dd3d1011c022a0064
000e0e001b50610019f6ea00001b5322
0017b85606001b46c600157bb5110019
f4f70015671c0a0017b8560015462700
0017bc75001205fc070018219f000f5e
b31100190349000f522b08001b41ad00
0f03f300001b5ee0000bce9307001baa
ad0006f09711001c71a7000696930200
202ea500069b50130023167200069b50
0a00000251010000001b460d002dd721
011c020c0064000e0e001b50610019f6
ea00001b53220017b85606001b46c600
157bb5110019f4f70015671c0a0017b8
5600154627000017bc75001205fc0700
18219f000f5eb31100190349000f522b
08001b41ad000f03f300001b5ee0000b
ce9307001baaad0006f09711001c71a7
000696930200202ea500069b50130023
167200069b500a00000251010000001b
46d5002dda43011c01f00064000e0e00
1b50610019f6ea00001b53220017b856
06001b46c600157bb5110019f4f70015
671c0a0017b85600154627000017bc75
001205fc070018219f000f5eb3110019
0349000f522b08001b41ad000f03f300
001b5ee0000bce9307001baaad0006f0
9711001c71a7000696930200202ea500
069b50130023167200069b500a000002
51010000001b4791002ddd39011c01d5
0064000e0e001b50610019f6ea00001b
53220017b85606001b46c600157bb511
0019f4f70015671c0a0017b856001546
27000017bc75001205fc070018219f00
0f5eb31100190349000f522b08001b41
ad000f03f300001b5ee0000bce930700
1baaad0006f09711001c71a700069693
0200202ea500069b5013002316720006
9b500a00000251010000001b4844002d
e006011c01bb0064000e0e001b506100
19f6ea00001b53220017b85606001b46
c600157bb5110019f4f70015671c0a00
17b85600154627000017bc75001205fc
070018219f000f5eb31100190349000f
522b08001b41ad000f03f300001b5ee0
000bce9307001baaad0006f09711001c
71a7000696930200202ea500069b5013
0023167200069b500a00000251010000
001b48ed002de2ac011c01a30064000e
0e001b50610019f6ea00001b53220017
b85606001b46c600157bb5110019f4f7
0015671c0a0017b85600154627000017
bc75001205fc070018219f000f5eb311
00190349000f522b08001b41ad000f03
f300001b5ee0000bce9307001baaad00
06f09711001c71a7000696930200202e
a500069b50130023167200069b500a00
000251010000001b498c002de52e011c
018d0064000e0e001b50610019f6ea00
001b53220017b85606001b46c600157b
b5110019f4f70015671c0a0017b85600
154627000017bc75001205fc07001821
9f000f5eb31100190349000f522b0800
1b41ad000f03f300001b5ee0000bce93
07001baaad0006f09711001c71a70006
96930200202ea500069b501300231672
00069b500a00000251010000001b4a23
002de78d011c01770064000e0e001b50
610019f6ea00001b53220017b8560600
1b46c600157bb5110019f4f70015671c
0a0017b85600154627000017bc750012
05fc070018219f000f5eb31100190349
000f522b08001b41ad000f03f300001b
5ee0000bce9307001baaad0006f09711
001c71a7000696930200202ea500069b
50130023167200069b500a0000025101
0000001b4ab2002de9cb011c01630064
000e0e001b50610019f6ea00001b5322
0017b85606001b46c600157bb5110019
f4f70015671c0a0017b8560015462700
0017bc75001205fc070018219f000f5e
b31100190349000f522b08001b41ad00
0f03f300001b5ee0000bce9307001baa
ad0006f09711001c71a7000696930200
202ea500069b50130023167200069b50
0a00000251010000001b4b39002debea
011c01500064000e0e001b50610019f6
ea00001b53220017b85606001b46c600
157bb5110019f4f70015671c0a0017b8
5600154627000017bc75001205fc0700
18219f000f5eb31100190349000f522b
08001b41ad000f03f300001b5ee0000b
ce9307001baaad0006f09711001c71a7
000696930200202ea500069b50130023
167200069b500a00000251010000001b
4bb9002dedeb011c013e0064000e0e00
1b50610019f6ea00001b53220017b856
06001b46c600157bb5110019f4f70015
671c0a0017b85600154627000017bc75
001205fc070018219f000f5eb3110019
0349000f522b08001b41ad000f03f300
001b5ee0000bce9307001baaad0006f0
9711001c71a7000696930200202ea500
069b50130023167200069b500a000002
51010000001b4c32002defd1011c012c
0064000e0e001b50610019f6ea00001b
53220017b85606001b46c600157bb511
0019f4f70015671c0a0017b856001546
27000017bc75001205fc070018219f00
0f5eb31100190349000f522b08001b41
ad000f03f300001b5ee0000bce930700
1baaad0006f09711001c71a700069693
0200202ea500069b5013002316720006
9b500a00000251010000001b4ca5002d
f19d011c011c0064000e0e001b506100
19f6ea00001b53220017b85606001b46
c600157bb5110019f4f70015671c0a00
17b85600154627000017bc75001205fc
070018219f000f5eb31100190349000f
522b08001b41ad000f03f300001b5ee0
000bce9307001baaad0006f09711001c
71a7000696930200202ea500069b5013
0023167200069b500a00000251010000
001b4d11002df34f011c010d0064000e
0e001b50610019f6ea00001b53220017
b85606001b46c600157bb5110019f4f7
0015671c0a0017b85600154627000017
bc75001205fc070018219f000f5eb311
00190349000f522b08001b41ad000f03
f300001b5ee0000bce9307001baaad00
06f09711001c71a7000696930200202e
a500069b50130023167200069b500a00
000251010000001b4d77002df4eb011c
00fe0064000e0e001b50610019f6ea00
001b53220017b85606001b46c600157b
b5110019f4f70015671c0a0017b85600
154627000017bc75001205fc07001821
9f000f5eb31100190349000f522b0800
1b41ad000f03f300001b5ee0000bce93
07001baaad0006f09711001c71a70006
96930200202ea500069b501300231672
00069b500a00000251010000001b4dd8
002df670011c00f00064000e0e001b50
610019f6ea00001b53220017b8560600
1b46c600157bb5110019f4f70015671c
0a0017b85600154627000017bc750012
05fc070018219f000f5eb31100190349
000f522b08001b41ad000f03f300001b
5ee0000bce9307001baaad0006f09711
001c71a7000696930200202ea500069b
50130023167200069b500a0000025101
0000001b4e33002df7e0011c00e30064
000e0e001b50610019f6ea00001b5322
0017b85606001b46c600157bb5110019
f4f70015671c0a0017b8560015462700
0017bc75001205fc070018219f000f5e
b31100190349000f522b08001b41ad00
0f03f300001b5ee0000bce9307001baa
ad0006f09711001c71a7000696930200
202ea500069b50130023167200069b50
0a00000251010000001b4e8a002df93b
011c00d70064000e0e001b50610019f6
ea00001b53220017b85606001b46c600
157bb5110019f4f70015671c0a0017b8
5600154627000017bc75001205fc0700
18219f000f5eb31100190349000f522b
08001b41ad000f03f300001b5ee0000b
ce9307001baaad0006f09711001c71a7
000696930200202ea500069b50130023
167200069b500a00000251010000001b
4edc002dfa85011c00cc0064000e0e00
1b50610019f6ea00001b53220017b856
06001b46c600157bb5110019f4f70015
671c0a0017b85600154627000017bc75
001205fc070018219f000f5eb3110019
0349000f522b08001b41ad000f03f300
001b5ee0000bce9307001baaad0006f0
9711001c71a7000696930200202ea500
069b50130023167200069b500a000002
51010000001b4f29002dfbbc011c00c0
0064000e0e001b50610019f6ea00001b
53220017b85606001b46c600157bb511
0019f4f70015671c0a0017b856001546
27000017bc75001205fc070018219f00
0f5eb31100190349000f522b08001b41
ad000f03f300001b5ee0000bce930700
1baaad0006f09711001c71a700069693
0200202ea500069b5013002316720006
9b500a00000251010000001b4f72002d
fce3011c00b60064000e0e001b506100
19f6ea00001b53220017b85606001b46
c600157bb5110019f4f70015671c0a00
17b85600154627000017bc75001205fc
070018219f000f5eb31100190349000f
522b08001b41ad000f03f300001b5ee0
000bce9307001baaad0006f09711001c
71a7000696930200202ea500069b5013
0023167200069b500a00000251010000
001b4fb8002dfdf9011c00ac0064000e
0e001b50610019f6ea00001b53220017
b85606001b46c600157bb5110019f4f7
0015671c0a0017b85600154627000017
bc75001205fc070018219f000f5eb311
00190349000f522b08001b41ad000f03
f300001b5ee0000bce9307001baaad00
06f09711001c71a7000696930200202e
a500069b50130023167200069b500a00
000251010000001b4ff9002dff00011c
00a30064000e0e001b50610019f6ea00
001b53220017b85606001b46c600157b
b5110019f4f70015671c0a0017b85600
154627000017bc75001205fc07001821
9f000f5eb31100190349000f522b0800
1b41ad000f03f300001b5ee0000bce93
07001baaad0006f09711001c71a70006
96930200202ea500069b501300231672
00069b500a00000251010000001b5037
002dfffa011c009a0064000e0e001b50
610019f6ea00001b53220017b8560600
1b46c600157bb5110019f4f70015671c
0a0017b85600154627000017bc750012
05fc070018219f000f5eb31100190349
000f522b08001b41ad000f03f300001b
5ee0000bce9307001baaad0006f09711
001c71a7000696930200202ea500069b
50130023167200069b500a0000025101
0000001b5072002e00e5011c00920064
000e0e001b50610019f6ea00001b5322
0017b85606001b46c600157bb5110019
f4f70015671c0a0017b8560015462700
0017bc75001205fc070018219f000f5e
b31100190349000f522b08001b41ad00
0f03f300001b5ee0000bce9307001baa
ad0006f09711001c71a7000696930200
202ea500069b50130023167200069b50
0a00000251010000001b50a9002e01c4
011c008a0064000e0e001b50610019f6
ea00001b53220017b85606001b46c600
157bb5110019f4f70015671c0a0017b8
5600154627000017bc75001205fc0700
18219f000f5eb31100190349000f522b
08001b41ad000f03f300001b5ee0000b
ce9307001baaad0006f09711001c71a7
000696930200202ea500069b50130023
167200069b500a00000251010000001b
50de002e0297011c00820064000e0e00
1b50610019f6ea00001b53220017b856
06001b46c600157bb5110019f4f70015
671c0a0017b85600154627000017bc75
001205fc070018219f000f5eb3110019
0349000f522b08001b41ad000f03f300
001b5ee0000bce9307001baaad0006f0
9711001c71a7000696930200202ea500
069b50130023167200069b500a000002
51010000001b510f002e035f011c007b
0064000e0e001b50610019f6ea00001b
53220017b85606001b46c600157bb511
0019f4f70015671c0a0017b856001546
27000017bc75001205fc070018219f00
0f5eb31100190349000f522b08001b41
ad000f03f300001b5ee0000bce930700
1baaad0006f09711001c71a700069693
0200202ea500069b5013002316720006
9b500a00000251010000001b515f002e
049f011c00c60064000e0e001b506100
19f6ea00001b53220017b85606001b46
c600157bb5110019f4f70015671c0a00
17b85600154627000017bc75001205fc
070018219f000f5eb31100190349000f
522b08001b41ad000f03f300001b5ee0
000bce9307001baaad0006f09711001c
71a7000696930200202ea500069b5013
0023167200069b500a00000251010000
001b51cb002e064f011c010b0064000e
0e001b50610019f6ea00001b53220017
b85606001b46c600157bb5110019f4f7
0015671c0a0017b85600154627000017
bc75001205fc070018219f000f5eb311
00190349000f522b08001b41ad000f03
f300001b5ee0000bce9307001baaad00
06f09711001c71a7000696930200202e
a500069b50130023167200069b500a00
000251010000001b5250002e0868011c
014c0064000e0e001b50610019f6ea00
001b53220017b85606001b46c600157b
b5110019f4f70015671c0a0017b85600
154627000017bc75001205fc07001821
9f000f5eb31100190349000f522b0800
1b41ad000f03f300001b5ee0000bce93
07001baaad0006f09711001c71a70006
96930200202ea500069b501300231672
00069b500a00000251010000001b52ee
002e0ae1011c01880064000e0e001b50
610019f6ea00001b53220017b8560600
1b46c600157bb5110019f4f70015671c
0a0017b85600154627000017bc750012
05fc070018219f000f5eb31100190349
000f522b08001b41ad000f03f300001b
5ee0000bce9307001baaad0006f09711
001c71a7000696930200202ea500069b
50130023167200069b500a0000025101
0000001b53a2002e0db4011c01bf0064
000e0e001b50610019f6ea00001b5322
0017b85606001b46c600157bb5110019
f4f70015671c0a0017b8560015462700
0017bc75001205fc070018219f000f5e
b31100190349000f522b08001b41ad00
0f03f300001b5ee0000bce9307001baa
ad0006f09711001c71a7000696930200
202ea500069b50130023167200069b50
0a00000251010000001b546b002e10db
011c01f30064000e0e001b50610019f6
ea00001b53220017b85606001b46c600
157bb5110019f4f70015671c0a0017b8
5600154627000017bc75001205fc0700
18219f000f5eb31100190349000f522b
08001b41ad000f03f300001b5ee0000b
ce9307001baaad0006f09711001c71a7
000696930200202ea500069b50130023
167200069b500a00000251010000001b
5547002e1450011c02230064000e0e00
1b50610019f6ea00001b53220017b856
06001b46c600157bb5110019f4f70015
671c0a0017b85600154627000017bc75
001205fc070018219f000f5eb3110019
0349000f522b08001b41ad000f03f300
001b5ee0000bce9307001baaad0006f0
9711001c71a7000696930200202ea500
069b50130023167200069b500a000002
51010000001b5635002e180c011c0250
0064000e0e001b50610019f6ea00001b
53220017b85606001b46c600157bb511
0019f4f70015671c0a0017b856001546
27000017bc75001205fc070018219f00
0f5eb31100190349000f522b08001b41
ad000f03f300001b5ee0000bce930700
1baaad0006f09711001c71a700069693
0200202ea500069b5013002316720006
9b500a00000251010000001b5734002e
1c0c011c02790064000e0e001b506100
19f6ea00001b53220017b85606001b46
c600157bb5110019f4f70015671c0a00
17b85600154627000017bc75001205fc
070018219f000f5eb31100190349000f
522b08001b41ad000f03f300001b5ee0
000bce9307001baaad0006f09711001c
71a7000696930200202ea500069b5013
0023167200069b500a00000251010000
001b5842002e204a011c02a00064000e
0e001b50610019f6ea00001b53220017
b85606001b46c600157bb5110019f4f7
0015671c0a0017b85600154627000017
bc75001205fc070018219f000f5eb311
00190349000f522b08001b41ad000f03
f300001b5ee0000bce9307001baaad00
06f09711001c71a7000696930200202e
a500069b50130023167200069b500a00
000251010000001b595f002e24c2011c
02c30064000e0e001b50610019f6ea00
001b53220017b85606001b46c600157b
b5110019f4f70015671c0a0017b85600
154627000017bc75001205fc07001821
9f000f5eb31100190349000f522b0800
1b41ad000f03f300001b5ee0000bce93
07001baaad0006f09711001c71a70006
96930200202ea500069b501300231672
00069b500a00000250010000001b5a89
002e2970011c02e50064000e0e001b50
610019f6ea00001b53220017b8560600
1b46c600157bb5110019f4f70015671c
0a0017b85600154627000017bc750012
05fc070018219f000f5eb31100190349
000f522b08001b41ad000f03f300001b
5ee0000bce9307001baaad0006f09711
001c71a7000696930200202ea500069b
50130023167200069b500a0000025001
0000001b5bbf002e2e50011c03030064
000e0e001b50610019f6ea00001b5322
0017b85606001b46c600157bb5110019
f4f70015671c0a0017b8560015462700
0017bc75001205fc070018219f000f5e
b31100190349000f522b08001b41ad00
0f03f300001b5ee0000bce9307001baa
ad0006f09711001c71a7000696930200
202ea500069b50130023167200069b50
0a00000250010000001b5d01002e335e
011c03200064000e0e001b50610019f6
ea00001b53220017b85606001b46c600
157bb5110019f4f70015671c0a0017b8
5600154627000017bc75001205fc0700
18219f000f5eb31100190349000f522b
08001b41ad000f03f300001b5ee0000b
ce9307001baaad0006f09711001c71a7
000696930200202ea500069b50130023
167200069b500a00000250010000001b
5e4e002e3897011c033b0064000e0e00
1b50610019f6ea00001b53220017b856
06001b46c600157bb5110019f4f70015
671c0a0017b85600154627000017bc75
001205fc070018219f000f5eb3110019
0349000f522b08001b41ad000f03f300
001b5ee0000bce9307001baaad0006f0
9711001c71a7000696930200202ea500
069b50130023167200069b500a000002
50010000001b5fa5002e3df9011c0354
0064000e0e001b50610019f6ea00001b
53220017b85606001b46c600157bb511
0019f4f70015671c0a0017b856001546
27000017bc75001205fc070018219f00
0f5eb31100190349000f522b08001b41
ad000f03f300001b5ee0000bce930700
1baaad0006f09711001c71a700069693
0200202ea500069b5013002316720006
9b500a00000250010000001b6105002e
4380011b036b0064000e0e001b506100
19f6ea00001b53220017b85606001b46
c600157bb5110019f4f70015671c0a00
17b85600154627000017bc75001205fc
070018219f000f5eb31100190349000f
522b08001b41ad000f03f300001b5ee0
000bce9307001baaad0006f09711001c
71a7000696930200202ea500069b5013
0023167200069b500a00000250010000
001b625d002e492d011903800064000e
0e001b50610019f6ea00001b53220017
b85606001b46c600157bb5110019f4f7
0015671c0a0017b85600154627000017
bc75001205fc070018219f000f5eb311
00190349000f522b08001b41ad000f03
f300001b5ee0000bce9307001baaad00
06f09711001c71a7000696930200202e
a500069b50130023167200069b500a00
000250010000001b63a4002e4f000118
03940064000e0e001b50610019f6ea00
001b53220017b85606001b46c600157b
b5110019f4f70015671c0a0017b85600
154627000017bc75001205fc07001821
9f000f5eb31100190349000f522b0800
1b41ad000f03f300001b5ee0000bce93
07001baaad0006f09711001c71a70006
96930200202ea500069b501300231672
00069b500a00000250010000001b64d4
002e54f6011703a60064000e0e001b50
610019f6ea00001b53220017b8560600
1b46c600157bb5110019f4f70015671c
0a0017b85600154627000017bc750012
05fc070018219f000f5eb31100190349
000f522b08001b41ad000f03f300001b
5ee0000bce9307001baaad0006f09711
001c71a7000696930200202ea500069b
50130023167200069b500a0000025001
0000001b65e9002e5b0d011603b60064
000e0e001b50610019f6ea00001b5322
0017b85606001b46c600157bb5110019
f4f70015671c0a0017b8560015462700
0017bc75001205fc070018219f000f5e
b31100190349000f522b08001b41ad00
0f03f300001b5ee0000bce9307001baa
ad0006f09711001c71a7000696930200
202ea500069b50130023167200069b50
0a00000250010000001b66e0002e6144
011403c60064000e0e001b50610019f6
ea00001b53220017b85606001b46c600
157bb5110019f4f70015671c0a0017b8
5600154627000017bc75001205fc0700
18219f000f5eb31100190349000f522b
08001b41ad000f03f300001b5ee0000b
ce9307001baaad0006f09711001c71a7
000696930200202ea500069b50130023
167200069b500a00000250010000001b
67b7002e6798011303d40064000e0e00
1b50610019f6ea00001b53220017b856
06001b46c600157bb5110019f4f70015
671c0a0017b85600154627000017bc75
001205fc070018219f000f5eb3110019
0349000f522b08001b41ad000f03f300
001b5ee0000bce9307001baaad0006f0
9711001c71a7000696930200202ea500
069b50130023167200069b500a000002
50010000001b686d002e6e06011303e2
0064000e0e001b50610019f6ea00001b
53220017b85606001b46c600157bb511
0019f4f70015671c0a0017b856001546
27000017bc75001205fc070018219f00
0f5eb31100190349000f522b08001b41
ad000f03f300001b5ee0000bce930700
1baaad0006f09711001c71a700069693
0200202ea500069b5013002316720006
9b500a00000250010000001b6913002e
748b011303ee0064000e0e001b506100
19f6ea00001b53220017b85606001b46
c600157bb5110019f4f70015671c0a00
17b85600154627000017bc75001205fc
070018219f000f5eb31100190349000f
522b08001b41ad000f03f300001b5ee0
000bce9307001baaad0006f09711001c
71a7000696930200202ea500069b5013
0023167200069b500a00000250010000
001b69b2002e7b25011303fb0064000e
0e001b50610019f6ea00001b53220017
b85606001b46c600157bb5110019f4f7
0015671c0a0017b85600154627000017
bc75001205fc070018219f000f5eb311
00190349000f522b08001b41ad000f03
f300001b5ee0000bce9307001baaad00
06f09711001c71a7000696930200202e
a500069b50130023167200069b500a00
000250010000001b6a4e002e81d20113
04060064000e0e001b50610019f6ea00
001b53220017b85606001b46c600157b
b5110019f4f70015671c0a0017b85600
154627000017bc75001205fc07001821
9f000f5eb31100190349000f522b0800
1b41ad000f03f300001b5ee0000bce93
07001baaad0006f09711001c71a70006
96930200202ea500069b501300231672
00069b500a00000250010000001b6aea
002e8891011304100064000e0e001b50
610019f6ea00001b53220017b8560600
1b46c600157bb5110019f4f70015671c
0a0017b85600154627000017bc750012
05fc070018219f000f5eb31100190349
000f522b08001b41ad000f03f300001b
5ee0000bce9307001baaad0006f09711
001c71a7000696930200202ea500069b
50130023167200069b500a0000025001
0000001b6b86002e8f600113041a0064
000e0e001b50610019f6ea00001b5322
0017b85606001b46c600157bb5110019
f4f70015671c0a0017b8560015462700
0017bc75001205fc070018219f000f5e
b31100190349000f522b08001b41ad00
0f03f300001b5ee0000bce9307001baa
ad0006f09711001c71a7000696930200
202ea500069b50130023167200069b50
0a00000250010000001b6c22002e963e
011304230064000e0e001b50610019f6
ea00001b53220017b85606001b46c600
157bb5110019f4f70015671c0a0017b8
5600154627000017bc75001205fc0700
18219f000f5eb31100190349000f522b
08001b41ad000f03f300001b5ee0000b
ce9307001baaad0006f09711001c71a7
000696930200202ea500069b50130023
167200069b500a00000250010000001b
6cc0002e9d2a0113042b0064000e0e00
1b50610019f6ea00001b53220017b856
06001b46c600157bb5110019f4f70015
671c0a0017b85600154627000017bc75
001205fc070018219f000f5eb3110019
0349000f522b08001b41ad000f03f300
001b5ee0000bce9307001baaad0006f0
9711001c71a7000696930200202ea500
069b50130023167200069b500a000002
50010000001b6d5f002ea42201130433
0064000e0e001b50610019f6ea00001b
53220017b85606001b46c600157bb511
0019f4f70015671c0a0017b856001546
27000017bc75001205fc070018219f00
0f5eb31100190349000f522b08001b41
ad000f03f300001b5ee0000bce930700
1baaad0006f09711001c71a700069693
0200202ea500069b5013002316720006
9b500a00000250010000001b6dff002e
ab270113043a0064000e0e001b506100
19f6ea00001b53220017b85606001b46
c600157bb5110019f4f70015671c0a00
17b85600154627000017bc75001205fc
070018219f000f5eb31100190349000f
522b08001b41ad000f03f300001b5ee0
000bce9307001baaad0006f09711001c
71a7000696930200202ea500069b5013
0023167200069b500a00000250010000
001b6ea0002eb237011304410064000e
0e001b50610019f6ea00001b53220017
b85606001b46c600157bb5110019f4f7
0015671c0a0017b85600154627000017
bc75001205fc070018219f000f5eb311
00190349000f522b08001b41ad000f03
f300001b5ee0000bce9307001baaad00
06f09711001c71a7000696930200202e
a500069b50130023167200069b500a00
000250010000001b6f42002eb9510113
04470064000e0e001b50610019f6ea00
001b53220017b85606001b46c600157b
b5110019f4f70015671c0a0017b85600
154627000017bc75001205fc07001821
9f000f5eb31100190349000f522b0800
1b41ad000f03f300001b5ee0000bce93
07001baaad0006f09711001c71a70006
96930200202ea500069b501300231672
00069b500a00000250010000001b6fe4
002ec0750113044d0064000e0e001b50
610019f6ea00001b53220017b8560600
1b46c600157bb5110019f4f70015671c
0a0017b85600154627000017bc750012
05fc070018219f000f5eb31100190349
000f522b08001b41ad000f03f300001b
5ee0000bce9307001baaad0006f09711
001c71a7000696930200202ea500069b
50130023167200069b500a0000025001
0000001b7087002ec7a2011304530064
000e0e001b50610019f6ea00001b5322
0017b85606001b46c600157bb5110019
f4f70015671c0a0017b8560015462700
0017bc75001205fc070018219f000f5e
b31100190349000f522b08001b41ad00
0f03f300001b5ee0000bce9307001baa
ad0006f09711001c71a7000696930200
202ea500069b50130023167200069b50
0a00000250010000001b712b002eced8
011304580064000e0e001b50610019f6
ea00001b53220017b85606001b46c600
157bb5110019f4f70015671c0a0017b8
5600154627000017bc75001205fc0700
18219f000f5eb31100190349000f522b
08001b41ad000f03f300001b5ee0000b
ce9307001baaad0006f09711001c71a7
000696930200202ea500069b50130023
167200069b500a00000250010000001b
71d0002ed6150112045c0064000e0e00
1b50610019f6ea00001b53220017b856
06001b46c600157bb5110019f4f70015
671c0a0017b85600154627000017bc75
001205fc070018219f000f5eb3110019
0349000f522b08001b41ad000f03f300
001b5ee0000bce9307001baaad0006f0
9711001c71a7000696930200202ea500
069b50130023167200069b500a000002
50010000001b7261002edd5a01110460
0064000e0e001b50610019f6ea00001b
53220017b85606001b46c600157bb511
0019f4f70015671c0a0017b856001546
27000017bc75001205fc070018219f00
0f5eb31100190349000f522b08001b41
ad000f03f300001b5ee0000bce930700
1baaad0006f09711001c71a700069693
0200202ea500069b5013002316720006
9b500a00000250010000001b72d4002e
e4a8010f04640064000e0e001b506100
19f6ea00001b53220017b85606001b46
c600157bb5110019f4f70015671c0a00
17b85600154627000017bc75001205fc
070018219f000f5eb31100190349000f
522b08001b41ad000f03f300001b5ee0
000bce9307001baaad0006f09711001c
71a7000696930200202ea500069b5013
0023167200069b500a00000250010000
001b7322002eebfd010e04670064000e
0e001b50610019f6ea00001b53220017
b85606001b46c600157bb5110019f4f7
0015671c0a0017b85600154627000017
bc75001205fc070018219f000f5eb311
00190349000f522b08001b41ad000f03
f300001b5ee0000bce9307001baaad00
06f09711001c71a7000696930200202e
a500069b50130023167200069b500a00
000250010000001b7349002ef358010d
046a0064000e0e001b50610019f6ea00
001b53220017b85606001b46c600157b
b5110019f4f70015671c0a0017b85600
154627000017bc75001205fc07001821
9f000f5eb31100190349000f522b0800
1b41ad000f03f300001b5ee0000bce93
07001baaad0006f09711001c71a70006
96930200202ea500069b501300231672
00069b500a00000250010000001b7348
002efab8010c046d0064000e0e001b50
610019f6ea00001b53220017b8560600
1b46c600157bb5110019f4f70015671c
0a0017b85600154627000017bc750012
05fc070018219f000f5eb31100190349
000f522b08001b41ad000f03f300001b
5ee0000bce9307001baaad0006f09711
001c71a7000696930200202ea500069b
50130023167200069b500a0000025001
0000001b731e002f021c010b046f0064
000e0e001b50610019f6ea00001b5322
0017b85606001b46c600157bb5110019
f4f70015671c0a0017b8560015462700
0017bc75001205fc070018219f000f5e
b31100190349000f522b08001b41ad00
0f03f300001b5ee0000bce9307001baa
ad0006f09711001c71a7000696930200
202ea500069b50130023167200069b50
0a00000250010000001b72de002f0983
010b04720064000e0e001b50610019f6
ea00001b53220017b85606001b46c600
157bb5110019f4f70015671c0a0017b8
5600154627000017bc75001205fc0700
18219f000f5eb31100190349000f522b
08001b41ad000f03f300001b5ee0000b
ce9307001baaad0006f09711001c71a7
000696930200202ea500069b50130023
167200069b500a00000250010000001b
7294002f10ef010b04750064000e0e00
1b50610019f6ea00001b53220017b856
06001b46c600157bb5110019f4f70015
671c0a0017b85600154627000017bc75
001205fc070018219f000f5eb3110019
0349000f522b08001b41ad000f03f300
001b5ee0000bce9307001baaad0006f0
9711001c71a7000696930200202ea500
069b50130023167200069b500a000002
50010000001b7244002f185f010b0477
0064000e0e001b50610019f6ea00001b
53220017b85606001b46c600157bb511
0019f4f70015671c0a0017b856001546
27000017bc75001205fc070018219f00
0f5eb31100190349000f522b08001b41
ad000f03f300001b5ee0000bce930700
1baaad0006f09711001c71a700069693
0200202ea500069b5013002316720006
9b500a00000250010000001b71f2002f
1fd3010b047a0064000e0e001b506100
19f6ea00001b53220017b85606001b46
c600157bb5110019f4f70015671c0a00
17b85600154627000017bc75001205fc
070018219f000f5eb31100190349000f
522b08001b41ad000f03f300001b5ee0
000bce9307001baaad0006f09711001c
71a7000696930200202ea500069b5013
0023167200069b500a00000250010000
001b719f002f274a010b047c0064000e
0e001b50610019f6ea00001b53220017
b85606001b46c600157bb5110019f4f7
0015671c0a0017b85600154627000017
bc75001205fc070018219f000f5eb311
00190349000f522b08001b41ad000f03
f300001b5ee0000bce9307001baaad00
06f09711001c71a7000696930200202e
a500069b50130023167200069b500a00
000250010000001b714a002f2ec5010b
047e0064000e0e001b50610019f6ea00
001b53220017b85606001b46c600157b
b5110019f4f70015671c0a0017b85600
154627000017bc75001205fc07001821
9f000f5eb31100190349000f522b0800
1b41ad000f03f300001b5ee0000bce93
07001baaad0006f09711001c71a70006
96930200202ea500069b501300231672
00069b500a00000250010000001b70f5
002f3643010b04800064000e0e001b50
610019f6ea00001b53220017b8560600
1b46c600157bb5110019f4f70015671c
0a0017b85600154627000017bc750012
05fc070018219f000f5eb31100190349
000f522b08001b41ad000f03f300001b
5ee0000bce9307001baaad0006f09711
001c71a7000696930200202ea500069b
50130023167200069b500a0000025001
0000001b70a0002f3dc4010b04820064
000e0e001b50610019f6ea00001b5322
0017b85606001b46c600157bb5110019
f4f70015671c0a0017b8560015462700
0017bc75001205fc070018219f000f5e
b31100190349000f522b08001b41ad00
0f03f300001b5ee0000bce9307001baa
ad0006f09711001c71a7000696930200
202ea500069b50130023167200069b50
0a00000250010000001b704b002f4548
010b04830064000e0e001b50610019f6
ea00001b53220017b85606001b46c600
157bb5110019f4f70015671c0a0017b8
5600154627000017bc75001205fc0700
18219f000f5eb31100190349000f522b
08001b41ad000f03f300001b5ee0000b
ce9307001baaad0006f09711001c71a7
000696930200202ea500069b50130023
167200069b500a00000250010000001b
6ff6002f4cce010b04850064000e0e00
1b50610019f6ea00001b53220017b856
06001b46c600157bb5110019f4f70015
671c0a0017b85600154627000017bc75
001205fc070018219f000f5eb3110019
0349000f522b08001b41ad000f03f300
001b5ee0000bce9307001baaad0006f0
9711001c71a7000696930200202ea500
069b50130023167200069b500a000002
50010000001b6fa0002f5457010b0486
0064000e0e001b50610019f6ea00001b
53220017b85606001b46c600157bb511
0019f4f70015671c0a0017b856001546
27000017bc75001205fc070018219f00
0f5eb31100190349000f522b08001b41
ad000f03f300001b5ee0000bce930700
1baaad0006f09711001c71a700069693
0200202ea500069b5013002316720006
9b500a00000250010000001b6f4a002f
5be2010b04880064000e0e001b506100
19f6ea00001b53220017b85606001b46
c600157bb5110019f4f70015671c0a00
17b85600154627000017bc75001205fc
070018219f000f5eb31100190349000f
522b08001b41ad000f03f300001b5ee0
000bce9307001baaad0006f09711001c
71a7000696930200202ea500069b5013
0023167200069b500a00000250010000
001b6ef4002f636f010b04890064000e
0e001b50610019f6ea00001b53220017
b85606001b46c600157bb5110019f4f7
0015671c0a0017b85600154627000017
bc75001205fc070018219f000f5eb311
00190349000f522b08001b41ad000f03
f300001b5ee0000bce9307001baaad00
06f09711001c71a7000696930200202e
a500069b50130023167200069b500a00
000250010000001b6e9f002f6afe010b
048a0064000e0e001b50610019f6ea00
001b53220017b85606001b46c600157b
b5110019f4f70015671c0a0017b85600
154627000017bc75001205fc07001821
9f000f5eb31100190349000f522b0800
1b41ad000f03f300001b5ee0000bce93
07001baaad0006f09711001c71a70006
96930200202ea500069b501300231672
00069b500a00000250010000001b6e49
002f728f010b048b0064000e0e001b50
610019f6ea00001b53220017b8560600
1b46c600157bb5110019f4f70015671c
0a0017b85600154627000017bc750012
05fc070018219f000f5eb31100190349
000f522b08001b41ad000f03f300001b
5ee0000bce9307001baaad0006f09711
001c71a7000696930200202ea500069b
50130023167200069b500a0000025001
0000001b6df3002f7a21010b048c0064
000e0e001b50610019f6ea00001b5322
0017b85606001b46c600157bb5110019
f4f70015671c0a0017b8560015462700
0017bc75001205fc070018219f000f5e
b31100190349000f522b08001b41ad00
0f03f300001b5ee0000bce9307001baa
ad0006f09711001c71a7000696930200
202ea500069b50130023167200069b50
0a00000250010000001b6d9d002f81b6
010b048d0064000e0e001b50610019f6
ea00001b53220017b85606001b46c600
157bb5110019f4f70015671c0a0017b8
5600154627000017bc75001205fc0700
18219f000f5eb31100190349000f522b
08001b41ad000f03f300001b5ee0000b
ce9307001baaad0006f09711001c71a7
000696930200202ea500069b50130023
167200069b500a00000250010000001b
6d46002f894b010b048e0064000e0e00
1b50610019f6ea00001b53220017b856
06001b46c600157bb5110019f4f70015
671c0a0017b85600154627000017bc75
001205fc070018219f000f5eb3110019
0349000f522b08001b41ad000f03f300
001b5ee0000bce9307001baaad0006f0
9711001c71a7000696930200202ea500
069b50130023167200069b500a000002
50010000001b6cf0002f90e2010b048f
0064000e0e001b50610019f6ea00001b
53220017b85606001b46c600157bb511
0019f4f70015671c0a0017b856001546
27000017bc75001205fc070018219f00
0f5eb31100190349000f522b08001b41
ad000f03f300001b5ee0000bce930700
1baaad0006f09711001c71a700069693
0200202ea500069b5013002316720006
9b500a00000250010000001b6c9a002f
987a010b04900064000e0e001b506100
19f6ea00001b53220017b85606001b46
c600157bb5110019f4f70015671c0a00
17b85600154627000017bc75001205fc
070018219f000f5eb31100190349000f
522b08001b41ad000f03f300001b5ee0
000bce9307001baaad0006f09711001c
71a7000696930200202ea500069b5013
0023167200069b500a00000250010000
001b6c44002fa013010b04900064000e
0e001b50610019f6ea00001b53220017
b85606001b46c600157bb5110019f4f7
0015671c0a0017b85600154627000017
bc75001205fc070018219f000f5eb311
00190349000f522b08001b41ad000f03
f300001b5ee0000bce9307001baaad00
06f09711001c71a7000696930200202e
a500069b50130023167200069b500a00
000250010000001b6bed002fa7ae010b
04910064000e0e001b50610019f6ea00
001b53220017b85606001b46c600157b
b5110019f4f70015671c0a0017b85600
154627000017bc75001205fc07001821
9f000f5eb31100190349000f522b0800
1b41ad000f03f300001b5ee0000bce93
07001baaad0006f09711001c71a70006
96930200202ea500069b501300231672
00069b500a00000250010000001b6b97
002faf49010b04920064000e0e001b50
610019f6ea00001b53220017b8560600
1b46c600157bb5110019f4f70015671c
0a0017b85600154627000017bc750012
05fc070018219f000f5eb31100190349
000f522b08001b41ad000f03f300001b
5ee0000bce9307001baaad0006f09711
001c71a7000696930200202ea500069b
50130023167200069b500a0000025001
0000001b6b40002fb6e5010b04920064
000e0e001b50610019f6ea00001b5322
0017b85606001b46c600157bb5110019
f4f70015671c0a0017b8560015462700
0017bc75001205fc070018219f000f5e
b31100190349000f522b08001b41ad00
0f03f300001b5ee0000bce9307001baa
ad0006f09711001c71a7000696930200
202ea500069b50130023167200069b50
0a00000250010000001b6aea002fbe82
010b04930064000e0e001b50610019f6
ea00001b53220017b85606001b46c600
157bb5110019f4f70015671c0a0017b8
5600154627000017bc75001205fc0700
18219f000f5eb31100190349000f522b
08001b41ad000f03f300001b5ee0000b
ce9307001baaad0006f09711001c71a7
000696930200202ea500069b50130023
167200069b500a0000024f010000001b
6a93002fc620010b04930064000e0e00
1b50610019f6ea00001b53220017b856
06001b46c600157bb5110019f4f70015
671c0a0017b85600154627000017bc75
001205fc070018219f000f5eb3110019
0349000f522b08001b41ad000f03f300
001b5ee0000bce9307001baaad0006f0
9711001c71a7000696930200202ea500
069b50130023167200069b500a000002
4f010000001b6a3d002fcdbf010b0494
0064000e0e001b50610019f6ea00001b
53220017b85606001b46c600157bb511
0019f4f70015671c0a0017b856001546
27000017bc75001205fc070018219f00
0f5eb31100190349000f522b08001b41
ad000f03f300001b5ee0000bce930700
1baaad0006f09711001c71a700069693
0200202ea500069b5013002316720006
9b500a0000024f010000001b69e6002f
d55e010b04940064000e0e001b506100
19f6ea00001b53220017b85606001b46
c600157bb5110019f4f70015671c0a00
17b85600154627000017bc75001205fc
070018219f000f5eb31100190349000f
522b08001b41ad000f03f300001b5ee0
000bce9307001baaad0006f09711001c
71a7000696930200202ea500069b5013
0023167200069b500a0000024f010000
001b6990002fdcfe010b04940064000e
0e001b50610019f6ea00001b53220017
b85606001b46c600157bb5110019f4f7
0015671c0a0017b85600154627000017
bc75001205fc070018219f000f5eb311
00190349000f522b08001b41ad000f03
f300001b5ee0000bce9307001baaad00
06f09711001c71a7000696930200202e
a500069b50130023167200069b500a00
00024f010000001b6939002fe49e010b
04950064000e0e001b50610019f6ea00
001b53220017b85606001b46c600157b
b5110019f4f70015671c0a0017b85600
154627000017bc75001205fc07001821
9f000f5eb31100190349000f522b0800
1b41ad000f03f300001b5ee0000bce93
07001baaad0006f09711001c71a70006
96930200202ea500069b501300231672
00069b500a0000024f010000001b68e2
002fec40010b04950064000e0e001b50
610019f6ea00001b53220017b8560600
1b46c600157bb5110019f4f70015671c
0a0017b85600154627000017bc750012
05fc070018219f000f5eb31100190349
000f522b08001b41ad000f03f300001b
5ee0000bce9307001baaad0006f09711
001c71a7000696930200202ea500069b
50130023167200069b500a0000024f01
0000001b688c002ff3e1010b04950064
000e0e001b50610019f6ea00001b5322
0017b85606001b46c600157bb5110019
f4f70015671c0a0017b8560015462700
0017bc75001205fc070018219f000f5e
b31100190349000f522b08001b41ad00
0f03f300001b5ee0000bce9307001baa
ad0006f09711001c71a7000696930200
202ea500069b50130023167200069b50
0a0000024f010000001b6835002ffb83
010b04960064000e0e001b50610019f6
ea00001b53220017b85606001b46c600
157bb5110019f4f70015671c0a0017b8
5600154627000017bc75001205fc0700
18219f000f5eb31100190349000f522b
08001b41ad000f03f300001b5ee0000b
ce9307001baaad0006f09711001c71a7
000696930200202ea500069b50130023
167200069b500a0000024f010000001b
67de00300326010b04960064000e0e00
1b50610019f6ea00001b53220017b856
06001b46c600157bb5110019f4f70015
671c0a0017b85600154627000017bc75
001205fc070018219f000f5eb3110019
0349000f522b08001b41ad000f03f300
001b5ee0000bce9307001baaad0006f0
9711001c71a7000696930200202ea500
069b50130023167200069b500a000002
4f010000001b678700300ac9010b0496
0064000e0e001b50610019f6ea00001b
53220017b85606001b46c600157bb511
0019f4f70015671c0a0017b856001546
27000017bc75001205fc070018219f00
0f5eb31100190349000f522b08001b41
ad000f03f300001b5ee0000bce930700
1baaad0006f09711001c71a700069693
0200202ea500069b5013002316720006
9b500a0000024f010000001b67310030
126c010b04960064000e0e001b506100
19f6ea00001b53220017b85606001b46
c600157bb5110019f4f70015671c0a00
17b85600154627000017bc75001205fc
070018219f000f5eb31100190349000f
522b08001b41ad000f03f300001b5ee0
000bce9307001baaad0006f09711001c
71a7000696930200202ea500069b5013
0023167200069b500a0000024f010000
001b66da00301a10010b04970064000e
0e001b50610019f6ea00001b53220017
b85606001b46c600157bb5110019f4f7
0015671c0a0017b85600154627000017
bc75001205fc070018219f000f5eb311
00190349000f522b08001b41ad000f03
f300001b5ee0000bce9307001baaad00
06f09711001c71a7000696930200202e
a500069b50130023167200069b500a00
00024f010000001b6683003021b4010b
04970064000e0e001b50610019f6ea00
001b53220017b85606001b46c600157b
b5110019f4f70015671c0a0017b85600
154627000017bc75001205fc07001821
9f000f5eb31100190349000f522b0800
1b41ad000f03f300001b5ee0000bce93
07001baaad0006f09711001c71a70006
96930200202ea500069b501300231672
00069b500a0000024f010000001b662c
00302958010b04970064000e0e001b50
610019f6ea00001b53220017b8560600
1b46c600157bb5110019f4f70015671c
0a0017b85600154627000017bc750012
05fc070018219f000f5eb31100190349
000f522b08001b41ad000f03f300001b
5ee0000bce9307001baaad0006f09711
001c71a7000696930200202ea500069b
50130023167200069b500a0000024f01
0000001b65d5003030fd010b04970064
000e0e001b50610019f6ea00001b5322
0017b85606001b46c600157bb5110019
f4f70015671c0a0017b8560015462700
0017bc75001205fc070018219f000f5e
b31100190349000f522b08001b41ad00
0f03f300001b5ee0000bce9307001baa
ad0006f09711001c71a7000696930200
202ea500069b50130023167200069b50
0a0000024f010000001b657f003038a2
010b04970064000e0e001b50610019f6
ea00001b53220017b85606001b46c600
157bb5110019f4f70015671c0a0017b8
5600154627000017bc75001205fc0700
18219f000f5eb31100190349000f522b
08001b41ad000f03f300001b5ee0000b
ce9307001baaad0006f09711001c71a7
000696930200202ea500069b50130023
167200069b500a0000024f010000001b
652800304047010b04970064000e0e00
1b50610019f6ea00001b53220017b856
06001b46c600157bb5110019f4f70015
671c0a0017b85600154627000017bc75
001205fc070018219f000f5eb3110019
0349000f522b08001b41ad000f03f300
001b5ee0000bce9307001baaad0006f0
9711001c71a7000696930200202ea500
069b50130023167200069b500a000002
4f010000001b64d1003047ec010b0498
0064000e0e001b50610019f6ea00001b
53220017b85606001b46c600157bb511
0019f4f70015671c0a0017b856001546
27000017bc75001205fc070018219f00
0f5eb31100190349000f522b08001b41
ad000f03f300001b5ee0000bce930700
1baaad0006f09711001c71a700069693
0200202ea500069b5013002316720006
9b500a0000024f010000001b647a0030
4f92010b04980064000e0e001b506100
19f6ea00001b53220017b85606001b46
c600157bb5110019f4f70015671c0a00
17b85600154627000017bc75001205fc
070018219f000f5eb31100190349000f
522b08001b41ad000f03f300001b5ee0
000bce9307001baaad0006f09711001c
71a7000696930200202ea500069b5013
0023167200069b500a0000024f010000
001b642400305737010b04980064000e
0e001b50610019f6ea00001b53220017
b85606001b46c600157bb5110019f4f7
0015671c0a0017b85600154627000017
bc75001205fc070018219f000f5eb311
00190349000f522b08001b41ad000f03
f300001b5ee0000bce9307001baaad00
06f09711001c71a7000696930200202e
a500069b50130023167200069b500a00
00024f010000001b63cd00305edd010b
04980064000e0e001b50610019f6ea00
001b53220017b85606001b46c600157b
b5110019f4f70015671c0a0017b85600
154627000017bc75001205fc07001821
9f000f5eb31100190349000f522b0800
1b41ad000f03f300001b5ee0000bce93
07001baaad0006f09711001c71a70006
96930200202ea500069b501300231672
00069b500a0000024f010000001b6376
00306683010b04980064000e0e001b50
610019f6ea00001b53220017b8560600
1b46c600157bb5110019f4f70015671c
0a0017b85600154627000017bc750012
05fc070018219f000f5eb31100190349
000f522b08001b41ad000f03f300001b
5ee0000bce9307001baaad0006f09711
001c71a7000696930200202ea500069b
50130023167200069b500a0000024f01
0000001b631f00306e2a010b04980064
000e0e001b50610019f6ea00001b5322
0017b85606001b46c600157bb5110019
f4f70015671c0a0017b8560015462700
0017bc75001205fc070018219f000f5e
b31100190349000f522b08001b41ad00
0f03f300001b5ee0000bce9307001baa
ad0006f09711001c71a7000696930200
202ea500069b50130023167200069b50
0a0000024f010000001b62c8003075d0
010b04980064000e0e001b50610019f6
ea00001b53220017b85606001b46c600
157bb5110019f4f70015671c0a0017b8
5600154627000017bc75001205fc0700
18219f000f5eb31100190349000f522b
08001b41ad000f03f300001b5ee0000b
ce9307001baaad0006f09711001c71a7
000696930200202ea500069b50130023
167200069b500a0000024f010000001b
627100307d77010b04980064000e0e00
1b50610019f6ea00001b53220017b856
06001b46c600157bb5110019f4f70015
671c0a0017b85600154627000017bc75
001205fc070018219f000f5eb3110019
0349000f522b08001b41ad000f03f300
001b5ee0000bce9307001baaad0006f0
9711001c71a7000696930200202ea500
069b50130023167200069b500a000002
4f010000001b621a0030851d010b0498
0064000e0e001b50610019f6ea00001b
53220017b85606001b46c600157bb511
0019f4f70015671c0a0017b856001546
27000017bc75001205fc070018219f00
0f5eb31100190349000f522b08001b41
ad000f03f300001b5ee0000bce930700
1baaad0006f09711001c71a700069693
0200202ea500069b5013002316720006
9b500a0000024f010000001b61c30030
8cc4010b04980064000e0e001b506100
19f6ea00001b53220017b85606001b46
c600157bb5110019f4f70015671c0a00
17b85600154627000017bc75001205fc
070018219f000f5eb31100190349000f
522b08001b41ad000f03f300001b5ee0
000bce9307001baaad0006f09711001c
71a7000696930200202ea500069b5013
0023167200069b500a0000024f010000
001b616c0030946b010b04990064000e
0e001b50610019f6ea00001b53220017
b85606001b46c600157bb5110019f4f7
0015671c0a0017b85600154627000017
bc75001205fc070018219f000f5eb311
00190349000f522b08001b41ad000f03
f300001b5ee0000bce9307001baaad00
06f09711001c71a7000696930200202e
a500069b50130023167200069b500a00
00024f010000001b611500309c12010b
04990064000e0e001b50610019f6ea00
001b53220017b85606001b46c600157b
b5110019f4f70015671c0a0017b85600
154627000017bc75001205fc07001821
9f000f5eb31100190349000f522b0800
1b41ad000f03f300001b5ee0000bce93
07001baaad0006f09711001c71a70006
96930200202ea500069b501300231672
00069b500a0000024f010000001b60be
0030a3b9010b04990064000e0e001b50
610019f6ea00001b53220017b8560600
1b46c600157bb5110019f4f70015671c
0a0017b85600154627000017bc750012
05fc070018219f000f5eb31100190349
000f522b08001b41ad000f03f300001b
5ee0000bce9307001baaad0006f09711
001c71a7000696930200202ea500069b
50130023167200069b500a0000024f01
0000001b60670030ab60010b04990064
000e0e001b50610019f6ea00001b5322
0017b85606001b46c600157bb5110019
f4f70015671c0a0017b8560015462700
0017bc75001205fc070018219f000f5e
b31100190349000f522b08001b41ad00
0f03f300001b5ee0000bce9307001baa
ad0006f09711001c71a7000696930200
202ea500069b50130023167200069b50
0a0000024f010000001b60100030b307
010b04990064000e0e001b50610019f6
ea00001b53220017b85606001b46c600
157bb5110019f4f70015671c0a0017b8
5600154627000017bc75001205fc0700
18219f000f5eb31100190349000f522b
08001b41ad000f03f300001b5ee0000b
ce9307001baaad0006f09711001c71a7
000696930200202ea500069b50130023
167200069b500a0000024f010000001b
5fb90030baaf010b04990064000e0e00
1b50610019f6ea00001b53220017b856
06001b46c600157bb5110019f4f70015
671c0a0017b85600154627000017bc75
001205fc070018219f000f5eb3110019
0349000f522b08001b41ad000f03f300
001b5ee0000bce9307001baaad0006f0
9711001c71a7000696930200202ea500
069b50130023167200069b500a000002
4f010000001b5f620030c256010b0499
0064000e0e001b50610019f6ea00001b
53220017b85606001b46c600157bb511
0019f4f70015671c0a0017b856001546
27000017bc75001205fc070018219f00
0f5eb31100190349000f522b08001b41
ad000f03f300001b5ee0000bce930700
1baaad0006f09711001c71a700069693
0200202ea500069b5013002316720006
9b500a0000024f010000001b5f0b0030
c9fe010b04990064000e0e001b506100
19f6ea00001b53220017b85606001b46
c600157bb5110019f4f70015671c0a00
17b85600154627000017bc75001205fc
070018219f000f5eb31100190349000f
522b08001b41ad000f03f300001b5ee0
000bce9307001baaad0006f09711001c
71a7000696930200202ea500069b5013
0023167200069b500a0000024f010000
001b5eb40030d1a5010b04990064000e
0e001b50610019f6ea00001b53220017
b85606001b46c600157bb5110019f4f7
0015671c0a0017b85600154627000017
bc75001205fc070018219f000f5eb311
00190349000f522b08001b41ad000f03
f300001b5ee0000bce9307001baaad00
06f09711001c71a7000696930200202e
a500069b50130023167200069b500a00
00024f010000001b5e5d0030d94d010b
04990064000e0e001b50610019f6ea00
001b53220017b85606001b46c600157b
b5110019f4f70015671c0a0017b85600
154627000017bc75001205fc07001821
9f000f5eb31100190349000f522b0800
1b41ad000f03f300001b5ee0000bce93
07001baaad0006f09711001c71a70006
96930200202ea500069b501300231672
00069b500a0000024f010000001b5e06
0030e0f4010b04990064000e0e001b50
610019f6ea00001b53220017b8560600
1b46c600157bb5110019f4f70015671c
0a0017b85600154627000017bc750012
05fc070018219f000f5eb31100190349
000f522b08001b41ad000f03f300001b
5ee0000bce9307001baaad0006f09711
001c71a7000696930200202ea500069b
50130023167200069b500a0000024f01
0000001b5daf0030e89c010b04990064
000e0e001b50610019f6ea00001b5322
0017b85606001b46c600157bb5110019
f4f70015671c0a0017b8560015462700
0017bc75001205fc070018219f000f5e
b31100190349000f522b08001b41ad00
0f03f300001b5ee0000bce9307001baa
ad0006f09711001c71a7000696930200
202ea500069b50130023167200069b50
0a0000024f010000001b5d580030f043
010b04990064000e0e001b50610019f6
ea00001b53220017b85606001b46c600
157bb5110019f4f70015671c0a0017b8
5600154627000017bc75001205fc0700
18219f000f5eb31100190349000f522b
08001b41ad000f03f300001b5ee0000b
ce9307001baaad0006f09711001c71a7
000696930200202ea500069b50130023
167200069b500a0000024f010000001b
5d010030f7eb010b04990064000e0e00
1b50610019f6ea00001b53220017b856
06001b46c600157bb5110019f4f70015
671c0a0017b85600154627000017bc75
001205fc070018219f000f5eb3110019
0349000f522b08001b41ad000f03f300
001b5ee0000bce9307001baaad0006f0
9711001c71a7000696930200202ea500
069b50130023167200069b500a000002
4f010000001b5caa0030ff93010a0499
0064000e0e001b50610019f6ea00001b
53220017b85606001b46c600157bb511
0019f4f70015671c0a0017b856001546
27000017bc75001205fc070018219f00
0f5eb31100190349000f522b08001b41
ad000f03f300001b5ee0000bce930700
1baaad0006f09711001c71a700069693
0200202ea500069b5013002316720006
9b500a0000024f010000001b5c3e0031
073a010904990064000e0e001b506100
19f6ea00001b53220017b85606001b46
c600157bb5110019f4f70015671c0a00
17b85600154627000017bc75001205fc
070018219f000f5eb31100190349000f
522b08001b41ad000f03f300001b5ee0
000bce9307001baaad0006f09711001c
71a7000696930200202ea500069b5013
0023167200069b500a0000024f010000
001b5bb200310edd010804980064000e
0e001b50610019f6ea00001b53220017
b85606001b46c600157bb5110019f4f7
0015671c0a0017b85600154627000017
bc75001205fc070018219f000f5eb311
00190349000f522b08001b41ad000f03
f300001b5ee0000bce9307001baaad00
06f09711001c71a7000696930200202e
a500069b50130023167200069b500a00
00024f010000001b5aff0031167d0106
04980064000e0e001b50610019f6ea00
001b53220017b85606001b46c600157b
b5110019f4f70015671c0a0017b85600
154627000017bc75001205fc07001821
9f000f5eb31100190349000f522b0800
1b41ad000f03f300001b5ee0000bce93
07001baaad0006f09711001c71a70006
96930200202ea500069b501300231672
00069b500a0000024f010000001b5a24
00311e18010504970064000e0e001b50
610019f6ea00001b53220017b8560600
1b46c600157bb5110019f4f70015671c
0a0017b85600154627000017bc750012
05fc070018219f000f5eb31100190349
000f522b08001b41ad000f03f300001b
5ee0000bce9307001baaad0006f09711
001c71a7000696930200202ea500069b
50130023167200069b500a0000024f01
0000001b591f003125ad010404970064
000e0e001b50610019f6ea00001b5322
0017b85606001b46c600157bb5110019
f4f70015671c0a0017b8560015462700
0017bc75001205fc070018219f000f5e
b31100190349000f522b08001b41ad00
0f03f300001b5ee0000bce9307001baa
ad0006f09711001c71a7000696930200
202ea500069b50130023167200069b50
0a0000024f010000001b57f000312d3a
010304960064000e0e001b50610019f6
ea00001b53220017b85606001b46c600
157bb5110019f4f70015671c0a0017b8
5600154627000017bc75001205fc0700
18219f000f5eb31100190349000f522b
08001b41ad000f03f300001b5ee0000b
ce9307001baaad0006f09711001c71a7
000696930200202ea500069b50130023
167200069b500a0000024f010000001b
5697003134c0010104960064000e0e00
1b50610019f6ea00001b53220017b856
06001b46c600157bb5110019f4f70015
671c0a0017b85600154627000017bc75
001205fc070018219f000f5eb3110019
0349000f522b08001b41ad000f03f300
001b5ee0000bce9307001baaad0006f0
9711001c71a7000696930200202ea500
069b50130023167200069b500a000002
4f010000001b551400313c3c01000495
0064000e0e001b50610019f6ea00001b
53220017b85606001b46c600157bb511
0019f4f70015671c0a0017b856001546
27000017bc75001205fc070018219f00
0f5eb31100190349000f522b08001b41
ad000f03f300001b5ee0000bce930700
1baaad0006f09711001c71a700069693
0200202ea500069b5013002316720006
9b500a0000024f010000001b53660031
43af00ff04950064000e0e001b506100
19f6ea00001b53220017b85606001b46
c600157bb5110019f4f70015671c0a00
17b85600154627000017bc75001205fc
070018219f000f5eb31100190349000f
522b08001b41ad000f03f300001b5ee0
000bce9307001baaad0006f09711001c
71a7000696930200202ea500069b5013
0023167200069b500a0000024f010000
001b518e00314b1700fe04940064000e
0e001b50610019f6ea00001b53220017
b85606001b46c600157bb5110019f4f7
0015671c0a0017b85600154627000017
bc75001205fc070018219f000f5eb311
00190349000f522b08001b41ad000f03
f300001b5ee0000bce9307001baaad00
06f09711001c71a7000696930200202e
a500069b50130023167200069b500a00
00024f010000001b4f8d0031527300fc
04940064000e0e001b50610019f6ea00
001b53220017b85606001b46c600157b
b5110019f4f70015671c0a0017b85600
154627000017bc75001205fc07001821
9f000f5eb31100190349000f522b0800
1b41ad000f03f300001b5ee0000bce93
07001baaad0006f09711001c71a70006
96930200202ea500069b501300231672
00069b500a0000024f010000001b4d62
003159c300fb04940064000e0e001b50
610019f6ea00001b53220017b8560600
1b46c600157bb5110019f4f70015671c
0a0017b85600154627000017bc750012
05fc070018219f000f5eb31100190349
000f522b08001b41ad000f03f300001b
5ee0000bce9307001baaad0006f09711
001c71a7000696930200202ea500069b
50130023167200069b500a0000024f01
0000001b4b0e0031610600fa04930064
000e0e001b50610019f6ea00001b5322
0017b85606001b46c600157bb5110019
f4f70015671c0a0017b8560015462700
0017bc75001205fc070018219f000f5e
b31100190349000f522b08001b41ad00
0f03f300001b5ee0000bce9307001baa
ad0006f09711001c71a7000696930200
202ea500069b50130023167200069b50
0a0000024f010000001b48910031683a
00f804930064000e0e001b50610019f6
ea00001b53220017b85606001b46c600
157bb5110019f4f70015671c0a0017b8
5600154627000017bc75001205fc0700
18219f000f5eb31100190349000f522b
08001b41ad000f03f300001b5ee0000b
ce9307001baaad0006f09711001c71a7
000696930200202ea500069b50130023
167200069b500a0000024f010000001b
45ec00316f6000f704930064000e0e00
1b50610019f6ea00001b53220017b856
06001b46c600157bb5110019f4f70015
671c0a0017b85600154627000017bc75
001205fc070018219f000f5eb3110019
0349000f522b08001b41ad000f03f300
001b5ee0000bce9307001baaad0006f0
9711001c71a7000696930200202ea500
069b50130023167200069b500a000002
4f010000001b431e0031767500f60492
0064000e0e001b50610019f6ea00001b
53220017b85606001b46c600157bb511
0019f4f70015671c0a0017b856001546
27000017bc75001205fc070018219f00
0f5eb31100190349000f522b08001b41
ad000f03f300001b5ee0000bce930700
1baaad0006f09711001c71a700069693
0200202ea500069b5013002316720006
9b500a0000024f010000001b40280031
7d7a00f504920064000e0e001b506100
19f6ea00001b53220017b85606001b46
c600157bb5110019f4f70015671c0a00
17b85600154627000017bc75001205fc
070018219f000f5eb31100190349000f
522b08001b41ad000f03f300001b5ee0
000bce9307001baaad0006f09711001c
71a7000696930200202ea500069b5013
0023167200069b500a0000024f010000
001b3d0b0031846d00f304920064000e
0e001b50610019f6ea00001b53220017
b85606001b46c600157bb5110019f4f7
0015671c0a0017b85600154627000017
bc75001205fc070018219f000f5eb311
00190349000f522b08001b41ad000f03
f300001b5ee0000bce9307001baaad00
06f09711001c71a7000696930200202e
a500069b50130023167200069b500a00
00024f010000001b39c700318b4e00f2
04920064000e0e001b50610019f6ea00
001b53220017b85606001b46c600157b
b5110019f4f70015671c0a0017b85600
154627000017bc75001205fc07001821
9f000f5eb31100190349000f522b0800
1b41ad000f03f300001b5ee0000bce93
07001baaad0006f09711001c71a70006
96930200202ea500069b501300231672
00069b500a0000024e010000001b365c
0031921c00f104910064000e0e001b50
610019f6ea00001b53220017b8560600
1b46c600157bb5110019f4f70015671c
0a0017b85600154627000017bc750012
05fc070018219f000f5eb31100190349
000f522b08001b41ad000f03f300001b
5ee0000bce9307001baaad0006f09711
001c71a7000696930200202ea500069b
50130023167200069b500a0000024e01
0000001b32cb003198d500f004910064
000e0e001b50610019f6ea00001b5322
0017b85606001b46c600157bb5110019
f4f70015671c0a0017b8560015462700
0017bc75001205fc070018219f000f5e
b31100190349000f522b08001b41ad00
0f03f300001b5ee0000bce9307001baa
ad0006f09711001c71a7000696930200
202ea500069b50130023167200069b50
0a0000024e010000001b2f1500319f7a
00ee04910064000e0e001b50610019f6
ea00001b53220017b85606001b46c600
157bb5110019f4f70015671c0a0017b8
5600154627000017bc75001205fc0700
18219f000f5eb31100190349000f522b
08001b41ad000f03f300001b5ee0000b
ce9307001baaad0006f09711001c71a7
000696930200202ea500069b50130023
167200069b500a0000024e010000001b
2b380031a60900ed04910064000e0e00
1b50610019f6ea00001b53220017b856
06001b46c600157bb5110019f4f70015
671c0a0017b85600154627000017bc75
001205fc070018219f000f5eb3110019
0349000f522b08001b41ad000f03f300
001b5ee0000bce9307001baaad0006f0
9711001c71a7000696930200202ea500
069b50130023167200069b500a000002
4e010000001b27370031ac8100ec0491
0064000e0e001b50610019f6ea00001b
53220017b85606001b46c600157bb511
0019f4f70015671c0a0017b856001546
27000017bc75001205fc070018219f00
0f5eb31100190349000f522b08001b41
ad000f03f300001b5ee0000bce930700
1baaad0006f09711001c71a700069693
0200202ea500069b5013002316720006
9b500a0000024e010000001b23120031
b2e200ea04900064000e0e001b506100
19f6ea00001b53220017b85606001b46
c600157bb5110019f4f70015671c0a00
17b85600154627000017bc75001205fc
070018219f000f5eb31100190349000f
522b08001b41ad000f03f300001b5ee0
000bce9307001baaad0006f09711001c
71a7000696930200202ea500069b5013
0023167200069b500a0000024e010000
001b1ec90031b92a00e904900064000e
0e001b50610019f6ea00001b53220017
b85606001b46c600157bb5110019f4f7
0015671c0a0017b85600154627000017
bc75001205fc070018219f000f5eb311
00190349000f522b08001b41ad000f03
f300001b5ee0000bce9307001baaad00
06f09711001c71a7000696930200202e
a500069b50130023167200069b500a00
00024e010000001b1a5d0031bf5a00e8
04900064000e0e001b50610019f6ea00
001b53220017b85606001b46c600157b
b5110019f4f70015671c0a0017b85600
154627000017bc75001205fc07001821
9f000f5eb31100190349000f522b0800
1b41ad000f03f300001b5ee0000bce93
07001baaad0006f09711001c71a70006
96930200202ea500069b501300231672
00069b500a0000024e010000001b15ce
0031c57000e704900064000e0e001b50
610019f6ea00001b53220017b8560600
1b46c600157bb5110019f4f70015671c
0a0017b85600154627000017bc750012
05fc070018219f000f5eb31100190349
000f522b08001b41ad000f03f300001b
5ee0000bce9307001baaad0006f09711
001c71a7000696930200202ea500069b
50130023167200069b500a0000024e01
0000001b111c0031cb6c00e504900064
000e0e001b50610019f6ea00001b5322
0017b85606001b46c600157bb5110019
f4f70015671c0a0017b8560015462700
0017bc75001205fc070018219f000f5e
b31100190349000f522b08001b41ad00
0f03f300001b5ee0000bce9307001baa
ad0006f09711001c71a7000696930200
202ea500069b50130023167200069b50
0a0000024e010000001b0c490031d14d
00e404900064000e0e001b50610019f6
ea00001b53220017b85606001b46c600
157bb5110019f4f70015671c0a0017b8
5600154627000017bc75001205fc0700
18219f000f5eb31100190349000f522b
08001b41ad000f03f300001b5ee0000b
ce9307001baaad0006f09711001c71a7
000696930200202ea500069b50130023
167200069b500a0000024e010000001b
07560031d71200e304900064000e0e00
1b50610019f6ea00001b53220017b856
06001b46c600157bb5110019f4f70015
671c0a0017b85600154627000017bc75
001205fc070018219f000f5eb3110019
0349000f522b08001b41ad000f03f300
001b5ee0000bce9307001baaad0006f0
9711001c71a7000696930200202ea500
069b50130023167200069b500a000002
4e010000001b02420031dcba00e20490
0064000e0e001b50610019f6ea00001b
53220017b85606001b46c600157bb511
0019f4f70015671c0a0017b856001546
27000017bc75001205fc070018219f00
0f5eb31100190349000f522b08001b41
ad000f03f300001b5ee0000bce930700
1baaad0006f09711001c71a700069693
0200202ea500069b5013002316720006
9b500a0000024e010000001afd0e0031
e24500e004900064000e0e001b506100
19f6ea00001b53220017b85606001b46
c600157bb5110019f4f70015671c0a00
17b85600154627000017bc75001205fc
070018219f000f5eb31100190349000f
522b08001b41ad000f03f300001b5ee0
000bce9307001baaad0006f09711001c
71a7000696930200202ea500069b5013
0023167200069b500a0000024e010000
001af7bb0031e7b200df04900064000e
0e001b50610019f6ea00001b53220017
b85606001b46c600157bb5110019f4f7
0015671c0a0017b85600154627000017
bc75001205fc070018219f000f5eb311
00190349000f522b08001b41ad000f03
f300001b5ee0000bce9307001baaad00
06f09711001c71a7000696930200202e
a500069b50130023167200069b500a00
00024e010000001af24a0031ed0000de
048f0064000e0e001b50610019f6ea00
001b53220017b85606001b46c600157b
b5110019f4f70015671c0a0017b85600
154627000017bc75001205fc07001821
9f000f5eb31100190349000f522b0800
1b41ad000f03f300001b5ee0000bce93
07001baaad0006f09711001c71a70006
96930200202ea500069b501300231672
00069b500a0000024e010000001aecbb
0031f22f00dd048f0064000e0e001b50
610019f6ea00001b53220017b8560600
1b46c600157bb5110019f4f70015671c
0a0017b85600154627000017bc750012
05fc070018219f000f5eb31100190349
000f522b08001b41ad000f03f300001b
5ee0000bce9307001baaad0006f09711
001c71a7000696930200202ea500069b
50130023167200069b500a0000024e01
0000001ae70f0031f73e00db048f0064
000e0e001b50610019f6ea00001b5322
0017b85606001b46c600157bb5110019
f4f70015671c0a0017b8560015462700
0017bc75001205fc070018219f000f5e
b31100190349000f522b08001b41ad00
0f03f300001b5ee0000bce9307001baa
ad0006f09711001c71a7000696930200
202ea500069b50130023167200069b50
0a0000024e010000001ae1470031fc2d
00da048f0064000e0e001b50610019f6
ea00001b53220017b85606001b46c600
157bb5110019f4f70015671c0a0017b8
5600154627000017bc75001205fc0700
18219f000f5eb31100190349000f522b
08001b41ad000f03f300001b5ee0000b
ce9307001baaad0006f09711001c71a7
000696930200202ea500069b50130023
167200069b500a0000024e010000001a
db63003200fb00d9048f0064000e0e00
1b50610019f6ea00001b53220017b856
06001b46c600157bb5110019f4f70015
671c0a0017b85600154627000017bc75
001205fc070018219f000f5eb3110019
0349000f522b08001b41ad000f03f300
001b5ee0000bce9307001baaad0006f0
9711001c71a7000696930200202ea500
069b50130023167200069b500a000002
4e010000001ad565003205a600d7048f
0064000e0e001b50610019f6ea00001b
53220017b85606001b46c600157bb511
0019f4f70015671c0a0017b856001546
27000017bc75001205fc070018219f00
0f5eb31100190349000f522b08001b41
ad000f03f300001b5ee0000bce930700
1baaad0006f09711001c71a700069693
0200202ea500069b5013002316720006
9b500a0000024e010000001acf4c0032
0a2f00d6048f0064000e0e001b506100
19f6ea00001b53220017b85606001b46
c600157bb5110019f4f70015671c0a00
17b85600154627000017bc75001205fc
070018219f000f5eb31100190349000f
522b08001b41ad000f03f300001b5ee0
000bce9307001baaad0006f09711001c
71a7000696930200202ea500069b5013
0023167200069b500a0000024e010000
001ac91a00320e9600d5048f0064000e
0e001b50610019f6ea00001b53220017
b85606001b46c600157bb5110019f4f7
0015671c0a0017b85600154627000017
bc75001205fc070018219f000f5eb311
00190349000f522b08001b41ad000f03
f300001b5ee0000bce9307001baaad00
06f09711001c71a7000696930200202e
a500069b50130023167200069b500a00
00024e010000001ac2d0003212d900d4
048f0064000e0e001b50610019f6ea00
001b53220017b85606001b46c600157b
b5110019f4f70015671c0a0017b85600
154627000017bc75001205fc07001821
9f000f5eb31100190349000f522b0800
1b41ad000f03f300001b5ee0000bce93
07001baaad0006f09711001c71a70006
96930200202ea500069b501300231672
00069b500a0000024e010000001abc6d
003216f800d2048f0064000e0e001b50
610019f6ea00001b53220017b8560600
1b46c600157bb5110019f4f70015671c
0a0017b85600154627000017bc750012
05fc070018219f000f5eb31100190349
000f522b08001b41ad000f03f300001b
5ee0000bce9307001baaad0006f09711
001c71a7000696930200202ea500069b
50130023167200069b500a0000024e01
0000001ab5f400321af200d1048f0064
000e0e001b50610019f6ea00001b5322
0017b85606001b46c600157bb5110019
f4f70015671c0a0017b8560015462700
0017bc75001205fc070018219f000f5e
b31100190349000f522b08001b41ad00
0f03f300001b5ee0000bce9307001baa
ad0006f09711001c71a7000696930200
202ea500069b50130023167200069b50
0a0000024e010000001aaf6500321ec7
00d0048f0064000e0e001b50610019f6
ea00001b53220017b85606001b46c600
157bb5110019f4f70015671c0a0017b8
5600154627000017bc75001205fc0700
18219f000f5eb31100190349000f522b
08001b41ad000f03f300001b5ee0000b
ce9307001baaad0006f09711001c71a7
000696930200202ea500069b50130023
167200069b500a0000024e010000001a
a8c00032227700cf048f0064000e0e00
1b50610019f6ea00001b53220017b856
06001b46c600157bb5110019f4f70015
671c0a0017b85600154627000017bc75
001205fc070018219f000f5eb3110019
0349000f522b08001b41ad000f03f300
001b5ee0000bce9307001baaad0006f0
9711001c71a7000696930200202ea500
069b50130023167200069b500a000002
4e010000001aa2070032260100cd048f
0064000e0e001b50610019f6ea00001b
53220017b85606001b46c600157bb511
0019f4f70015671c0a0017b856001546
27000017bc75001205fc070018219f00
0f5eb31100190349000f522b08001b41
ad000f03f300001b5ee0000bce930700
1baaad0006f09711001c71a700069693
0200202ea500069b5013002316720006
9b500a0000024e010000001a9b3b0032
296400cc048f0064000e0e001b506100
19f6ea00001b53220017b85606001b46
c600157bb5110019f4f70015671c0a00
17b85600154627000017bc75001205fc
070018219f000f5eb31100190349000f
522b08001b41ad000f03f300001b5ee0
000bce9307001baaad0006f09711001c
71a7000696930200202ea500069b5013
0023167200069b500a0000024e010000
001a945b00322ca100cb048f0064000e
0e001b50610019f6ea00001b53220017
b85606001b46c600157bb5110019f4f7
0015671c0a0017b85600154627000017
bc75001205fc070018219f000f5eb311
00190349000f522b08001b41ad000f03
f300001b5ee0000bce9307001baaad00
06f09711001c71a7000696930200202e
a500069b50130023167200069b500a00
00024e010000001a8d6a00322fb600c9
048f0064000e0e001b50610019f6ea00
001b53220017b85606001b46c600157b
b5110019f4f70015671c0a0017b85600
154627000017bc75001205fc07001821
9f000f5eb31100190349000f522b0800
1b41ad000f03f300001b5ee0000bce93
07001baaad0006f09711001c71a70006
96930200202ea500069b501300231672
00069b500a0000024e010000001a8668
003232a400c8048f0064000e0e001b50
610019f6ea00001b53220017b8560600
1b46c600157bb5110019f4f70015671c
0a0017b85600154627000017bc750012
05fc070018219f000f5eb31100190349
000f522b08001b41ad000f03f300001b
5ee0000bce9307001baaad0006f09711
001c71a7000696930200202ea500069b
50130023167200069b500a0000024e01
0000001a7f550032356a00c7048f0064
000e0e001b50610019f6ea00001b5322
0017b85606001b46c600157bb5110019
f4f70015671c0a0017b8560015462700
0017bc75001205fc070018219f000f5e
b31100190349000f522b08001b41ad00
0f03f300001b5ee0000bce9307001baa
ad0006f09711001c71a7000696930200
202ea500069b50130023167200069b50
0a0000024e010000001a787c003236df
00c504330064000e0e001b50610019f6
ea00001b53220017b85606001b46c600
157bb5110019f4f70015671c0a0017b8
5600154627000017bc75001205fc0700
18219f000f5eb31100190349000f522b
08001b41ad000f03f300001b5ee0000b
ce9307001baaad0006f09711001c71a7
000696930200202ea500069b50130023
167200069b500a0000024e010000001a
71ce0032381800c304130064000e0e00
1b50610019f6ea00001b53220017b856
06001b46c600157bb5110019f4f70015
671c0a0017b85600154627000017bc75
001205fc070018219f000f5eb3110019
0349000f522b08001b41ad000f03f300
001b5ee0000bce9307001baaad0006f0
9711001c71a7000696930200202ea500
069b50130023167200069b500a000002
4e010000001a6b370032394200c10404
0064000e0e001b50610019f6ea00001b
53220017b85606001b46c600157bb511
0019f4f70015671c0a0017b856001546
27000017bc75001205fc070018219f00
0f5eb31100190349000f522b08001b41
ad000f03f300001b5ee0000bce930700
1baaad0006f09711001c71a700069693
0200202ea500069b5013002316720006
9b500a0000024e010000001a64a90032
3a6600c003fe0064000e0e001b506100
19f6ea00001b53220017b85606001b46
c600157bb5110019f4f70015671c0a00
17b85600154627000017bc75001205fc
070018219f000f5eb31100190349000f
522b08001b41ad000f03f300001b5ee0
000bce9307001baaad0006f09711001c
71a7000696930200202ea500069b5013
0023167200069b500a0000024e010000
001a5e1900323b8500be03ff0064000e
0e001b50610019f6ea00001b53220017
b85606001b46c600157bb5110019f4f7
0015671c0a0017b85600154627000017
bc75001205fc070018219f000f5eb311
00190349000f522b08001b41ad000f03
f300001b5ee0000bce9307001baaad00
06f09711001c71a7000696930200202e
a500069b50130023167200069b500a00
00024e010000001a577e00323c9d00bd
04050064000e0e001b50610019f6ea00
001b53220017b85606001b46c600157b
b5110019f4f70015671c0a0017b85600
154627000017bc75001205fc07001821
9f000f5eb31100190349000f522b0800
1b41ad000f03f300001b5ee0000bce93
07001baaad0006f09711001c71a70006
96930200202ea500069b501300231672
00069b500a0000024e010000001a50d2
00323dae00bc040e0064000e0e001b50
610019f6ea00001b53220017b8560600
1b46c600157bb5110019f4f70015671c
0a0017b85600154627000017bc750012
05fc070018219f000f5eb31100190349
000f522b08001b41ad000f03f300001b
5ee0000bce9307001baaad0006f09711
001c71a7000696930200202ea500069b
50130023167200069b500a0000024e01
0000001a4a1200323ead00ba04180064
000e0e001b50610019f6ea00001b5322
0017b85606001b46c600157bb5110019
f4f70015671c0a0017b8560015462700
0017bc75001205fc070018219f000f5e
b31100190349000f522b08001b41ad00
0f03f300001b5ee0000bce9307001baa
ad0006f09711001c71a7000696930200
202ea500069b50130023167200069b50
0a0000024e010000001a434000323f90
00b904200064000e0e001b50610019f6
ea00001b53220017b85606001b46c600
157bb5110019f4f70015671c0a0017b8
5600154627000017bc75001205fc0700
18219f000f5eb31100190349000f522b
08001b41ad000f03f300001b5ee0000b
ce9307001baaad0006f09711001c71a7
000696930200202ea500069b50130023
167200069b500a0000024e010000001a
3c5d0032405200b804280064000e0e00
1b50610019f6ea00001b53220017b856
06001b46c600157bb5110019f4f70015
671c0a0017b85600154627000017bc75
001205fc070018219f000f5eb3110019
0349000f522b08001b41ad000f03f300
001b5ee0000bce9307001baaad0006f0
9711001c71a7000696930200202ea500
069b50130023167200069b500a000002
4e010000001a356a003240f100b70430
0064000e0e001b50610019f6ea00001b
53220017b85606001b46c600157bb511
0019f4f70015671c0a0017b856001546
27000017bc75001205fc070018219f00
0f5eb31100190349000f522b08001b41
ad000f03f300001b5ee0000bce930700
1baaad0006f09711001c71a700069693
0200202ea500069b5013002316720006
9b500a0000024e010000001a2e680032
416a00b504370064000a0a0017b85600
154627000017bc75001205fc07001821
9f000f5eb31100190349000f522b0800
1b41ad000f03f300001b5ee0000bce93
07001baaad0006f09711001c71a70006
96930200202ea500069b501300231672
00069b500a0000024e010000001a275a
003241bc00b4043d0064000a0a0017b8
5600154627000017bc75001205fc0700
18219f000f5eb31100190349000f522b
08001b41ad000f03f300001b5ee0000b
ce9307001baaad0006f09711001c71a7
000696930200202ea500069b50130023
167200069b500a0000024e010000001a
2040003241e600b304430064000a0a00
17b85600154627000017bc75001205fc
070018219f000f5eb31100190349000f
522b08001b41ad000f03f300001b5ee0
000bce9307001baaad0006f09711001c
71a7000696930200202ea500069b5013
0023167200069b500a0000024e010000
001a191d003241e800b204480064000a
0a0017b85600154627000017bc750012
05fc070018219f000f5eb31100190349
000f522b08001b41ad000f03f300001b
5ee0000bce9307001baaad0006f09711
001c71a7000696930200202ea500069b
50130023167200069b500a0000024e01
0000001a12070032416e00b104430064
000a0a0017b85600154627000017bc75
001205fc070018219f000f5eb3110019
0349000f522b08001b41ad000f03f300
001b5ee0000bce9307001baaad0006f0
9711001c71a7000696930200202ea500
069b50130023167200069b500a000002
4e010000001a0af4003240c500b00443
0064000a0a0017b85600154627000017
bc75001205fc070018219f000f5eb311
00190349000f522b08001b41ad000f03
f300001b5ee0000bce9307001baaad00
06f09711001c71a7000696930200202e
a500069b50130023167200069b500a00
00024e010000001a03e20032400500b0
04440064000a0a0017b8560015462700
0017bc75001205fc070018219f000f5e
b31100190349000f522b08001b41ad00
0f03f300001b5ee0000bce9307001baa
ad0006f09711001c71a7000696930200
202ea500069b50130023167200069b50
0a0000024e0100000019fcce00323f35
00af04470064000a0a0017b856001546
27000017bc75001205fc070018219f00
0f5eb31100190349000f522b08001b41
ad000f03f300001b5ee0000bce930700
1baaad0006f09711001c71a700069693
0200202ea500069b5013002316720006
9b500a0000024e0100000019f5b60032
3e5600ae044a0064000a0a0017b85600
154627000017bc75001205fc07001821
9f000f5eb31100190349000f522b0800
1b41ad000f03f300001b5ee0000bce93
07001baaad0006f09711001c71a70006
96930200202ea500069b501300231672
00069b500a0000024e0100000019ee9a
00323d6900ad044e0064000a0a0017b8
5600154627000017bc75001205fc0700
18219f000f5eb31100190349000f522b
08001b41ad000f03f300001b5ee0000b
ce9307001baaad0006f09711001c71a7
000696930200202ea500069b50130023
167200069b500a0000024e0100000019
e77700323c6e00ab04520064000a0a00
17b85600154627000017bc75001205fc
070018219f000f5eb31100190349000f
522b08001b41ad000f03f300001b5ee0
000bce9307001baaad0006f09711001c
71a7000696930200202ea500069b5013
0023167200069b500a0000024e010000
0019e04f00323b6300aa04570064000a
0a0017b85600154627000017bc750012
05fc070018219f000f5eb31100190349
000f522b08001b41ad000f03f300001b
5ee0000bce9307001baaad0006f09711
001c71a7000696930200202ea500069b
50130023167200069b500a0000024e01
00000019d92300323a3d00a9045b0064
000a0a0017b85600154627000017bc75
001205fc070018219f000f5eb3110019
0349000f522b08001b41ad000f03f300
001b5ee0000bce9307001baaad0006f0
9711001c71a7000696930200202ea500
069b50130023167200069b500a000002
4e0100000019d1f7003238f500a8045f
0064000a0a0017b85600154627000017
bc75001205fc070018219f000f5eb311
00190349000f522b08001b41ad000f03
f300001b5ee0000bce9307001baaad00
06f09711001c71a7000696930200202e
a500069b50130023167200069b500a00
00024e0100000019cacc0032378700a6
04630064000a0a0017b8560015462700
0017bc75001205fc070018219f000f5e
b31100190349000f522b08001b41ad00
0f03f300001b5ee0000bce9307001baa
ad0006f09711001c71a7000696930200
202ea500069b50130023167200069b50
0a0000024d0100000019c3a4003235f1
00a504660064000a0a0017b856001546
27000017bc75001205fc070018219f00
0f5eb31100190349000f522b08001b41
ad000f03f300001b5ee0000bce930700
1baaad0006f09711001c71a700069693
0200202ea500069b5013002316720006
9b500a0000024d0100000019bc800032
343100a404690064000a0a0017b85600
154627000017bc75001205fc07001821
9f000f5eb31100190349000f522b0800
1b41ad000f03f300001b5ee0000bce93
07001baaad0006f09711001c71a70006
96930200202ea500069b501300231672
00069b500a0000024d0100000019b562
0032324900a3046c0064000a0a0017b8
5600154627000017bc75001205fc0700
18219f000f5eb31100190349000f522b
08001b41ad000f03f300001b5ee0000b
ce9307001baaad0006f09711001c71a7
000696930200202ea500069b50130023
167200069b500a0000024d0100000019
ae4c0032303800a1046e0064000a0a00
17b85600154627000017bc75001205fc
070018219f000f5eb31100190349000f
522b08001b41ad000f03f300001b5ee0
000bce9307001baaad0006f09711001c
71a7000696930200202ea500069b5013
0023167200069b500a0000024d010000
0019a73d00322dfe00a004700064000a
0a0017b85600154627000017bc750012
05fc070018219f000f5eb31100190349
000f522b08001b41ad000f03f300001b
5ee0000bce9307001baaad0006f09711
001c71a7000696930200202ea500069b
50130023167200069b500a0000024d01
00000019a03900322b9a009f04730064
000a0a0017b85600154627000017bc75
001205fc070018219f000f5eb3110019
0349000f522b08001b41ad000f03f300
001b5ee0000bce9307001baaad0006f0
9711001c71a7000696930200202ea500
069b50130023167200069b500a000002
4d0100000019993f0032290e009d0475
0064000a0a0017b85600154627000017
bc75001205fc070018219f000f5eb311
00190349000f522b08001b41ad000f03
f300001b5ee0000bce9307001baaad00
06f09711001c71a7000696930200202e
a500069b50130023167200069b500a00
00024d0100000019925100322659009d
04760064000a0a0017b8560015462700
0017bc75001205fc070018219f000f5e
b31100190349000f522b08001b41ad00
0f03f300001b5ee0000bce9307001baa
ad0006f09711001c71a7000696930200
202ea500069b50130023167200069b50
0a0000024d01000000198b680032238f
009f04790064000a0a0017b856001546
27000017bc75001205fc070018219f00
0f5eb31100190349000f522b08001b41
ad000f03f300001b5ee0000bce930700
1baaad0006f09711001c71a700069693
0200202ea500069b5013002316720006
9b500a0000024d010000001984780032
20cc00a0047b0064000a0a0017b85600
154627000017bc75001205fc07001821
9f000f5eb31100190349000f522b0800
1b41ad000f03f300001b5ee0000bce93
07001baaad0006f09711001c71a70006
96930200202ea500069b501300231672
00069b500a0000024d01000000197d7b
00321e2100a1047d0064000a0a0017b8
5600154627000017bc75001205fc0700
18219f000f5eb31100190349000f522b
08001b41ad000f03f300001b5ee0000b
ce9307001baaad0006f09711001c71a7
000696930200202ea500069b50130023
167200069b500a0000024d0100000019
767000321b9400a2047e0064000a0a00
17b85600154627000017bc75001205fc
070018219f000f5eb31100190349000f
522b08001b41ad000f03f300001b5ee0
000bce9307001baaad0006f09711001c
71a7000696930200202ea500069b5013
0023167200069b500a0000024d010000
00196f560032192c00a404800064000a
0a0017b85600154627000017bc750012
05fc070018219f000f5eb31100190349
000f522b08001b41ad000f03f300001b
5ee0000bce9307001baaad0006f09711
001c71a7000696930200202ea500069b
50130023167200069b500a0000024d01
00000019682e003216e900a504810064
000a0a0017b85600154627000017bc75
001205fc070018219f000f5eb3110019
0349000f522b08001b41ad000f03f300
001b5ee0000bce9307001baaad0006f0
9711001c71a7000696930200202ea500
069b50130023167200069b500a000002
4d010000001960f8003214ce00a60482
0064000a0a0017b85600154627000017
bc75001205fc070018219f000f5eb311
00190349000f522b08001b41ad000f03
f300001b5ee0000bce9307001baaad00
06f09711001c71a7000696930200202e
a500069b50130023167200069b500a00
00024d010000001959b5003212dc00a7
04830064000a0a0017b8560015462700
0017bc75001205fc070018219f000f5e
b31100190349000f522b08001b41ad00
0f03f300001b5ee0000bce9307001baa
ad0006f09711001c71a7000696930200
202ea500069b50130023167200069b50
0a0000024d0100000019526700321111
00a904840064000a0a0017b856001546
27000017bc75001205fc070018219f00
0f5eb31100190349000f522b08001b41
ad000f03f300001b5ee0000bce930700
1baaad0006f09711001c71a700069693
0200202ea500069b5013002316720006
9b500a0000024d01000000194b0d0032
0f7000aa04840064000a0a0017b85600
154627000017bc75001205fc07001821
9f000f5eb31100190349000f522b0800
1b41ad000f03f300001b5ee0000bce93
07001baaad0006f09711001c71a70006
96930200202ea500069b501300231672
00069b500a0000024d010000001943a9
00320df900ab04850064000a0a0017b8
5600154627000017bc75001205fc0700
18219f000f5eb31100190349000f522b
08001b41ad000f03f300001b5ee0000b
ce9307001baaad0006f09711001c71a7
000696930200202ea500069b50130023
167200069b500a0000024d0100000019
3c3c00320cac00ad04860064000a0a00
17b85600154627000017bc75001205fc
070018219f000f5eb31100190349000f
522b08001b41ad000f03f300001b5ee0
000bce9307001baaad0006f09711001c
71a7000696930200202ea500069b5013
0023167200069b500a0000024d010000
001934c800320b8800ad04860064000a
0a0017b85600154627000017bc750012
05fc070018219f000f5eb31100190349
000f522b08001b41ad000f03f300001b
5ee0000bce9307001baaad0006f09711
001c71a7000696930200202ea500069b
50130023167200069b500a0000024d01
000000192d4e00320a7a00ad04880064
000a0a0017b85600154627000017bc75
001205fc070018219f000f5eb3110019
0349000f522b08001b41ad000f03f300
001b5ee0000bce9307001baaad0006f0
9711001c71a7000696930200202ea500
069b50130023167200069b500a000002
4d010000001925d10032097600ad0489
0064000a0a0017b85600154627000017
bc75001205fc070018219f000f5eb311
00190349000f522b08001b41ad000f03
f300001b5ee0000bce9307001baaad00
06f09711001c71a7000696930200202e
a500069b50130023167200069b500a00
00024d01000000191e510032087700ad
048a0064000a0a0017b8560015462700
0017bc75001205fc070018219f000f5e
b31100190349000f522b08001b41ad00
0f03f300001b5ee0000bce9307001baa
ad0006f09711001c71a7000696930200
202ea500069b50130023167200069b50
0a0000024d010000001916d00032077b
00ad048b0064000a0a0017b856001546
27000017bc75001205fc070018219f00
0f5eb31100190349000f522b08001b41
ad000f03f300001b5ee0000bce930700
1baaad0006f09711001c71a700069693
0200202ea500069b5013002316720006
9b500a0000024d01000000190f4c0032
068000ad048c0064000a0a0017b85600
154627000017bc75001205fc07001821
9f000f5eb31100190349000f522b0800
1b41ad000f03f300001b5ee0000bce93
07001baaad0006f09711001c71a70006
96930200202ea500069b501300231672
00069b500a0000024d010000001907c6
0032058500ad048d0064000a0a0017b8
5600154627000017bc75001205fc0700
18219f000f5eb31100190349000f522b
08001b41ad000f03f300001b5ee0000b
ce9307001baaad0006f09711001c71a7
000696930200202ea500069b50130023
167200069b500a0000024d0100000019
003f0032048a00ad048e0064000a0a00
17b85600154627000017bc75001205fc
070018219f000f5eb31100190349000f
522b08001b41ad000f03f300001b5ee0
000bce9307001baaad0006f09711001c
71a7000696930200202ea500069b5013
0023167200069b500a0000024d010000
0018f8b70032038f00ad048f0064000a
0a0017b85600154627000017bc750012
05fc070018219f000f5eb31100190349
000f522b08001b41ad000f03f300001b
5ee0000bce9307001baaad0006f09711
001c71a7000696930200202ea500069b
50130023167200069b500a0000024d01
00000018f12e0032029400ad048f0064
000a0a0017b85600154627000017bc75
001205fc070018219f000f5eb3110019
0349000f522b08001b41ad000f03f300
001b5ee0000bce9307001baaad0006f0
9711001c71a7000696930200202ea500
069b50130023167200069b500a000002
4d0100000018e9a30032019900ad0490
0064000a0a0017b85600154627000017
bc75001205fc070018219f000f5eb311
00190349000f522b08001b41ad000f03
f300001b5ee0000bce9307001baaad00
06f09711001c71a7000696930200202e
a500069b50130023167200069b500a00
00024d0100000018e2170032009d00ae
04910064000a0a0017b8560015462700
0017bc75001205fc070018219f000f5e
b31100190349000f522b08001b41ad00
0f03f300001b5ee0000bce9307001baa
ad0006f09711001c71a7000696930200
202ea500069b50130023167200069b50
0a0000024d0100000018da880031ffb7
00af04910064000a0a0017b856001546
27000017bc75001205fc070018219f00
0f5eb31100190349000f522b08001b41
ad000f03f300001b5ee0000bce930700
1baaad0006f09711001c71a700069693
0200202ea500069b5013002316720006
9b500a0000024d0100000018d2f50031
fef000b004910064000a0a0017b85600
154627000017bc75001205fc07001821
9f000f5eb31100190349000f522b0800
1b41ad000f03f300001b5ee0000bce93
07001baaad0006f09711001c71a70006
96930200202ea500069b501300231672
00069b500a0000024d0100000018cb5f
0031fe5000b204910064000a0a0017b8
5600154627000017bc75001205fc0700
18219f000f5eb31100190349000f522b
08001b41ad000f03f300001b5ee0000b
ce9307001baaad0006f09711001c71a7
000696930200202ea500069b50130023
167200069b500a0000024d0100000018
c3c60031fdd800b304910064000a0a00
17b85600154627000017bc75001205fc
070018219f000f5eb31100190349000f
522b08001b41ad000f03f300001b5ee0
000bce9307001baaad0006f09711001c
71a7000696930200202ea500069b5013
0023167200069b500a0000024d010000
0018bc2b0031fd8900b404910064000a
0a0017b85600154627000017bc750012
05fc070018219f000f5eb31100190349
000f522b08001b41ad000f03f300001b
5ee0000bce9307001baaad0006f09711
001c71a7000696930200202ea500069b
50130023167200069b500a0000024d01
00000018b48f0031fd6600b504910064
000a0a0017b85600154627000017bc75
001205fc070018219f000f5eb3110019
0349000f522b08001b41ad000f03f300
001b5ee0000bce9307001baaad0006f0
9711001c71a7000696930200202ea500
069b50130023167200069b500a000002
4d0100000018acf30031fd6d00b70491
0064000a0a0017b85600154627000017
bc75001205fc070018219f000f5eb311
00190349000f522b08001b41ad000f03
f300001b5ee0000bce9307001baaad00
06f09711001c71a7000696930200202e
a500069b50130023167200069b500a00
00024d0100000018a5580031fda000b8
04910064000a0a0017b8560015462700
0017bc75001205fc070018219f000f5e
b31100190349000f522b08001b41ad00
0f03f300001b5ee0000bce9307001baa
ad0006f09711001c71a7000696930200
202ea500069b50130023167200069b50
0a0000024d01000000189dbf0031fdfd
00b904900064000a0a0017b856001546
27000017bc75001205fc070018219f00
0f5eb31100190349000f522b08001b41
ad000f03f300001b5ee0000bce930700
1baaad0006f09711001c71a700069693
0200202ea500069b5013002316720006
9b500a0000024d010000001896280031
fe8600bb04900064000a0a0017b85600
154627000017bc75001205fc07001821
9f000f5eb31100190349000f522b0800
1b41ad000f03f300001b5ee0000bce93
07001baaad0006f09711001c71a70006
96930200202ea500069b501300231672
00069b500a0000024d01000000188e96
0031ff3900bc04900064000a0a0017b8
5600154627000017bc75001205fc0700
18219f000f5eb31100190349000f522b
08001b41ad000f03f300001b5ee0000b
ce9307001baaad0006f09711001c71a7
000696930200202ea500069b50130023
167200069b500a0000024d0100000018
87070032001700bd04900064000a0a00
17b85600154627000017bc75001205fc
070018219f000f5eb31100190349000f
522b08001b41ad000f03f300001b5ee0
000bce9307001baaad0006f09711001c
71a7000696930200202ea500069b5013
0023167200069b500a0000024d010000
00187f7f0032012000be04900064000a
0a0017b85600154627000017bc750012
05fc070018219f000f5eb31100190349
000f522b08001b41ad000f03f300001b
5ee0000bce9307001baaad0006f09711
001c71a7000696930200202ea500069b
50130023167200069b500a0000024d01
0000001877fd0032025400c004900064
000a0a0017b85600154627000017bc75
001205fc070018219f000f5eb3110019
0349000f522b08001b41ad000f03f300
001b5ee0000bce9307001baaad0006f0
9711001c71a7000696930200202ea500
069b50130023167200069b500a000002
4d01000000187082003203b200c10490
0064000a0a0017b85600154627000017
bc75001205fc070018219f000f5eb311
00190349000f522b08001b41ad000f03
f300001b5ee0000bce9307001baaad00
06f09711001c71a7000696930200202e
a500069b50130023167200069b500a00
00024d010000001869100032053b00c2
04900064000a0a0017b8560015462700
0017bc75001205fc070018219f000f5e
b31100190349000f522b08001b41ad00
0f03f300001b5ee0000bce9307001baa
ad0006f09711001c71a7000696930200
202ea500069b50130023167200069b50
0a0000024d010000001861a7003206ee
00c304900064000a0a0017b856001546
27000017bc75001205fc070018219f00
0f5eb31100190349000f522b08001b41
ad000f03f300001b5ee0000bce930700
1baaad0006f09711001c71a700069693
0200202ea500069b5013002316720006
9b500a0000024d01000000185a490032
08cb00c504900064000a0a0017b85600
154627000017bc75001205fc07001821
9f000f5eb31100190349000f522b0800
1b41ad000f03f300001b5ee0000bce93
07001baaad0006f09711001c71a70006
96930200202ea500069b501300231672
00069b500a0000024d010000001852f5
00320ad100c604900064000a0a0017b8
5600154627000017bc75001205fc0700
18219f000f5eb31100190349000f522b
08001b41ad000f03f300001b5ee0000b
ce9307001baaad0006f09711001c71a7
000696930200202ea500069b50130023
167200069b500a0000024d0100000018
4bae00320d0100c7048f0064000a0a00
17b85600154627000017bc75001205fc
070018219f000f5eb31100190349000f
522b08001b41ad000f03f300001b5ee0
000bce9307001baaad0006f09711001c
71a7000696930200202ea500069b5013
0023167200069b500a0000024d010000
0018447300320f5900c8048f0064000a
0a0017b85600154627000017bc750012
05fc070018219f000f5eb31100190349
000f522b08001b41ad000f03f300001b
5ee0000bce9307001baaad0006f09711
001c71a7000696930200202ea500069b
50130023167200069b500a0000024d01
000000183d46003211db00ca048f0064
000a0a0017b85600154627000017bc75
001205fc070018219f000f5eb3110019
0349000f522b08001b41ad000f03f300
001b5ee0000bce9307001baaad0006f0
9711001c71a7000696930200202ea500
069b50130023167200069b500a000002
4d010000001836290032148600cb048f
0064000a0a0017b85600154627000017
bc75001205fc070018219f000f5eb311
00190349000f522b08001b41ad000f03
f300001b5ee0000bce9307001baaad00
06f09711001c71a7000696930200202e
a500069b50130023167200069b500a00
00024d01000000182f1a0032175800cc
048f0064000a0a0017b8560015462700
0017bc75001205fc070018219f000f5e
b31100190349000f522b08001b41ad00
0f03f300001b5ee0000bce9307001baa
ad0006f09711001c71a7000696930200
202ea500069b50130023167200069b50
0a0000024d0100000018281d00321a52
00ce048f0064000a0a0017b856001546
27000017bc75001205fc070018219f00
0f5eb31100190349000f522b08001b41
ad000f03f300001b5ee0000bce930700
1baaad0006f09711001c71a700069693
0200202ea500069b5013002316720006
9b500a0000024d010000001821300032
1d7400cf048f0064000a0a0017b85600
154627000017bc75001205fc07001821
9f000f5eb31100190349000f522b0800
1b41ad000f03f300001b5ee0000bce93
07001baaad0006f09711001c71a70006
96930200202ea500069b501300231672
00069b500a0000024d01000000181a56
003220bd00d0048f0064000a0a0017b8
5600154627000017bc75001205fc0700
18219f000f5eb31100190349000f522b
08001b41ad000f03f300001b5ee0000b
ce9307001baaad0006f09711001c71a7
000696930200202ea500069b50130023
167200069b500a0000024c0100000018
138f0032242c00d1048f0064000a0a00
17b85600154627000017bc75001205fc
070018219f000f5eb31100190349000f
522b08001b41ad000f03f300001b5ee0
000bce9307001baaad0006f09711001c
71a7000696930200202ea500069b5013
0023167200069b500a0000024c010000
00180cdd003227c200d3048f0064000a
0a0017b85600154627000017bc750012
05fc070018219f000f5eb31100190349
000f522b08001b41ad000f03f300001b
5ee0000bce9307001baaad0006f09711
001c71a7000696930200202ea500069b
50130023167200069b500a0000024c01
00000018063e00322b7e00d4048f0064
000a0a0017b85600154627000017bc75
001205fc070018219f000f5eb3110019
0349000f522b08001b41ad000f03f300
001b5ee0000bce9307001baaad0006f0
9711001c71a7000696930200202ea500
069b50130023167200069b500a000002
4c0100000017ffb600322f5f00d5048f
0064000a0a0017b85600154627000017
bc75001205fc070018219f000f5eb311
00190349000f522b08001b41ad000f03
f300001b5ee0000bce9307001baaad00
06f09711001c71a7000696930200202e
a500069b50130023167200069b500a00
00024c0100000017f9440032336400d6
048f0064000a0a0017b8560015462700
0017bc75001205fc070018219f000f5e
b31100190349000f522b08001b41ad00
0f03f300001b5ee0000bce9307001baa
ad0006f09711001c71a7000696930200
202ea500069b50130023167200069b50
0a0000024c0100000017f2e90032378e
00d8048f0064000a0a0017b856001546
27000017bc75001205fc070018219f00
0f5eb31100190349000f522b08001b41
ad000f03f300001b5ee0000bce930700
1baaad0006f09711001c71a700069693
0200202ea500069b5013002316720006
9b500a0000024c0100000017eca60032
3bdc00d9048f0064000a0a0017b85600
154627000017bc75001205fc07001821
9f000f5eb31100190349000f522b0800
1b41ad000f03f300001b5ee0000bce93
07001baaad0006f09711001c71a70006
96930200202ea500069b501300231672
00069b500a0000024c0100000017e67d
0032404d00da048f0064000a0a0017b8
5600154627000017bc75001205fc0700
18219f000f5eb31100190349000f522b
08001b41ad000f03f300001b5ee0000b
ce9307001baaad0006f09711001c71a7
000696930200202ea500069b50130023
167200069b500a0000024c0100000017
e06c003244e000dc048f0064000a0a00
17b85600154627000017bc75001205fc
070018219f000f5eb31100190349000f
522b08001b41ad000f03f300001b5ee0
000bce9307001baaad0006f09711001c
71a7000696930200202ea500069b5013
0023167200069b500a0000024c010000
0017da760032499600dd048f0064000a
0a0017b85600154627000017bc750012
05fc070018219f000f5eb31100190349
000f522b08001b41ad000f03f300001b
5ee0000bce9307001baaad0006f09711
001c71a7000696930200202ea500069b
50130023167200069b500a0000024c01
00000017d49c00324e6e00de048f0064
000a0a0017b85600154627000017bc75
001205fc070018219f000f5eb3110019
0349000f522b08001b41ad000f03f300
001b5ee0000bce9307001baaad0006f0
9711001c71a7000696930200202ea500
069b50130023167200069b500a000002
4c0100000017cedd0032536600df048f
0064000a0a0017b85600154627000017
bc75001205fc070018219f000f5eb311
00190349000f522b08001b41ad000f03
f300001b5ee0000bce9307001baaad00
06f09711001c71a7000696930200202e
a500069b50130023167200069b500a00
00024c0100000017c93b0032587e00e1
048f0064000a0a0017b8560015462700
0017bc75001205fc070018219f000f5e
b31100190349000f522b08001b41ad00
0f03f300001b5ee0000bce9307001baa
ad0006f09711001c71a7000696930200
202ea500069b50130023167200069b50
0a0000024c0100000017c3b600325db6
00e2048f0064000a0a0017b856001546
27000017bc75001205fc070018219f00
0f5eb31100190349000f522b08001b41
ad000f03f300001b5ee0000bce930700
1baaad0006f09711001c71a700069693
0200202ea500069b5013002316720006
9b500a0000024c0100000017be4f0032
630d00e3048f0064000a0a0017b85600
154627000017bc75001205fc07001821
9f000f5eb31100190349000f522b0800
1b41ad000f03f300001b5ee0000bce93
07001baaad0006f09711001c71a70006
96930200202ea500069b501300231672
00069b500a0000024c0100000017b906
0032688200e4048f0064000a0a0017b8
5600154627000017bc75001205fc0700
18219f000f5eb31100190349000f522b
08001b41ad000f03f300001b5ee0000b
ce9307001baaad0006f09711001c71a7
000696930200202ea500069b50130023
167200069b500a0000024c0100000017
b3dd00326e1500e6048f0064000a0a00
17b85600154627000017bc75001205fc
070018219f000f5eb31100190349000f
522b08001b41ad000f03f300001b5ee0
000bce9307001baaad0006f09711001c
71a7000696930200202ea500069b5013
0023167200069b500a0000024c010000
0017aed4003273c500e7048f0064000a
0a0017b85600154627000017bc750012
05fc070018219f000f5eb31100190349
000f522b08001b41ad000f03f300001b
5ee0000bce9307001baaad0006f09711
001c71a7000696930200202ea500069b
50130023167200069b500a0000024c01
00000017a9ec0032799200e8048f0064
000a0a0017b85600154627000017bc75
001205fc070018219f000f5eb3110019
0349000f522b08001b41ad000f03f300
001b5ee0000bce9307001baaad0006f0
9711001c71a7000696930200202ea500
069b50130023167200069b500a000002
4c0100000017a52500327f7900ea048f
0064000a0a0017b85600154627000017
bc75001205fc070018219f000f5eb311
00190349000f522b08001b41ad000f03
f300001b5ee0000bce9307001baaad00
06f09711001c71a7000696930200202e
a500069b50130023167200069b500a00
00024c0100000017a07f0032857b00eb
048f0064000a0a0017b8560015462700
0017bc75001205fc070018219f000f5e
b31100190349000f522b08001b41ad00
0f03f300001b5ee0000bce9307001baa
ad0006f09711001c71a7000696930200
202ea500069b50130023167200069b50
0a0000024c01000000179bfc00328b98
00ec048f0064000a0a0017b856001546
27000017bc75001205fc070018219f00
0f5eb31100190349000f522b08001b41
ad000f03f300001b5ee0000bce930700
1baaad0006f09711001c71a700069693
0200202ea500069b5013002316720006
9b500a0000024c0100000017979c0032
91cd00ed048f0064000a0a0017b85600
154627000017bc75001205fc07001821
9f000f5eb31100190349000f522b0800
1b41ad000f03f300001b5ee0000bce93
07001baaad0006f09711001c71a70006
96930200202ea500069b501300231672
00069b500a0000024c0100000017935f
0032981b00ef048f0064000a0a0017b8
5600154627000017bc75001205fc0700
18219f000f5eb31100190349000f522b
08001b41ad000f03f300001b5ee0000b
ce9307001baaad0006f09711001c71a7
000696930200202ea500069b50130023
167200069b500a0000024c0100000017
8f4700329e8100f0048f0064000a0a00
17b85600154627000017bc75001205fc
070018219f000f5eb31100190349000f
522b08001b41ad000f03f300001b5ee0
000bce9307001baaad0006f09711001c
71a7000696930200202ea500069b5013
0023167200069b500a0000024c010000
00178b530032a4fd00f1048f0064000a
0a0017b85600154627000017bc750012
05fc070018219f000f5eb31100190349
000f522b08001b41ad000f03f300001b
5ee0000bce9307001baaad0006f09711
001c71a7000696930200202ea500069b
50130023167200069b500a0000024c01
0000001787840032ab9000f2048f0064
000a0a0017b85600154627000017bc75
001205fc070018219f000f5eb3110019
0349000f522b08001b41ad000f03f300
001b5ee0000bce9307001baaad0006f0
9711001c71a7000696930200202ea500
069b50130023167200069b500a000002
4c010000001783db0032b23700f4048f
0064000a0a0017b85600154627000017
bc75001205fc070018219f000f5eb311
00190349000f522b08001b41ad000f03
f300001b5ee0000bce9307001baaad00
06f09711001c71a7000696930200202e
a500069b50130023167200069b500a00
00024c010000001780580032b8f300f5
048f0064000a0a0017b8560015462700
0017bc75001205fc070018219f000f5e
b31100190349000f522b08001b41ad00
0f03f300001b5ee0000bce9307001baa
ad0006f09711001c71a7000696930200
202ea500069b50130023167200069b50
0a0000024c01000000177cfb0032bfc3
00f6048f0064000a0a0017b856001546
27000017bc75001205fc070018219f00
0f5eb31100190349000f522b08001b41
ad000f03f300001b5ee0000bce930700
1baaad0006f09711001c71a700069693
0200202ea500069b5013002316720006
9b500a0000024c010000001779c50032
c6a400f7048f0064000a0a0017b85600
154627000017bc75001205fc07001821
9f000f5eb31100190349000f522b0800
1b41ad000f03f300001b5ee0000bce93
07001baaad0006f09711001c71a70006
96930200202ea500069b501300231672
00069b500a0000024c010000001776b6
0032cd9800f9048f0064000a0a0017b8
5600154627000017bc75001205fc0700
18219f000f5eb31100190349000f522b
08001b41ad000f03f300001b5ee0000b
ce9307001baaad0006f09711001c71a7
000696930200202ea500069b50130023
167200069b500a0000024c0100000017
73cf0032d49d00fa048f0064000a0a00
17b85600154627000017bc75001205fc
070018219f000f5eb31100190349000f
522b08001b41ad000f03f300001b5ee0
000bce9307001baaad0006f09711001c
71a7000696930200202ea500069b5013
0023167200069b500a0000024c010000
001771100032dbb200fb048f0064000a
0a0017b85600154627000017bc750012
05fc070018219f000f5eb31100190349
000f522b08001b41ad000f03f300001b
5ee0000bce9307001baaad0006f09711
001c71a7000696930200202ea500069b
50130023167200069b500a0000024c01
000000176e790032e2d600fd048f0064
000a0a0017b85600154627000017bc75
001205fc070018219f000f5eb3110019
0349000f522b08001b41ad000f03f300
001b5ee0000bce9307001baaad0006f0
9711001c71a7000696930200202ea500
069b50130023167200069b500a000002
4c01000000176c0b0032ea0800fe048f
0064000a0a0017b85600154627000017
bc75001205fc070018219f000f5eb311
00190349000f522b08001b41ad000f03
f300001b5ee0000bce9307001baaad00
06f09711001c71a7000696930200202e
a500069b50130023167200069b500a00
00024c010000001769c60032f14800ff
048f0064000a0a0017b8560015462700
0017bc75001205fc070018219f000f5e
b31100190349000f522b08001b41ad00
0f03f300001b5ee0000bce9307001baa
ad0006f09711001c71a7000696930200
202ea500069b50130023167200069b50
0a0000024c010000001767ab0032f894
0100048f0064000a0a0017b856001546
27000017bc75001205fc070018219f00
0f5eb31100190349000f522b08001b41
ad000f03f300001b5ee0000bce930700
1baaad0006f09711001c71a700069693
0200202ea500069b5013002316720006
9b500a0000024c010000001765b80032
ffeb0102048f0064000a0a0017b85600
154627000017bc75001205fc07001821
9f000f5eb31100190349000f522b0800
1b41ad000f03f300001b5ee0000bce93
07001baaad0006f09711001c71a70006
96930200202ea500069b501300231672
00069b500a0000024c010000001763f0
0033074d0103048f0064000a0a0017b8
5600154627000017bc75001205fc0700
18219f000f5eb31100190349000f522b
08001b41ad000f03f300001b5ee0000b
ce9307001baaad0006f09711001c71a7
000696930200202ea500069b50130023
167200069b500a0000024c0100000017
625100330eb90104048f0064000a0a00
17b85600154627000017bc75001205fc
070018219f000f5eb31100190349000f
522b08001b41ad000f03f300001b5ee0
000bce9307001baaad0006f09711001c
71a7000696930200202ea500069b5013
0023167200069b500a0000024c010000
001760dd0033162e0105048f0064000a
0a0017b85600154627000017bc750012
05fc070018219f000f5eb31100190349
000f522b08001b41ad000f03f300001b
5ee0000bce9307001baaad0006f09711
001c71a7000696930200202ea500069b
50130023167200069b500a0000024c01
000000175f9400331daa0107048f0064
000a0a0017b85600154627000017bc75
001205fc070018219f000f5eb3110019
0349000f522b08001b41ad000f03f300
001b5ee0000bce9307001baaad0006f0
9711001c71a7000696930200202ea500
069b50130023167200069b500a000002
4c01000000175e740033252d0108048f
0064000a0a0017b85600154627000017
bc75001205fc070018219f000f5eb311
00190349000f522b08001b41ad000f03
f300001b5ee0000bce9307001baaad00
06f09711001c71a7000696930200202e
a500069b50130023167200069b500a00
00024c01000000175d8000332cb60109
048f0064000a0a0017b8560015462700
0017bc75001205fc070018219f000f5e
b31100190349000f522b08001b41ad00
0f03f300001b5ee0000bce9307001baa
ad0006f09711001c71a7000696930200
202ea500069b50130023167200069b50
0a0000024c01000000175cb600333444
010b048f0064000a0a0017b856001546
27000017bc75001205fc070018219f00
0f5eb31100190349000f522b08001b41
ad000f03f300001b5ee0000bce930700
1baaad0006f09711001c71a700069693
0200202ea500069b5013002316720006
9b500a0000024c01000000175c170033
3bd6010c048f0064000a0a0017b85600
154627000017bc75001205fc07001821
9f000f5eb31100190349000f522b0800
1b41ad000f03f300001b5ee0000bce93
07001baaad0006f09711001c71a70006
96930200202ea500069b501300231672
00069b500a0000024c01000000175ba4
0033436b010d048f0064000a0a0017b8
5600154627000017bc75001205fc0700
18219f000f5eb31100190349000f522b
08001b41ad000f03f300001b5ee0000b
ce9307001baaad0006f09711001c71a7
000696930200202ea500069b50130023
167200069b500a0000024c0100000017
5b5b00334b01010e048f0064000a0a00
17b85600154627000017bc75001205fc
070018219f000f5eb31100190349000f
522b08001b41ad000f03f300001b5ee0
000bce9307001baaad0006f09711001c
71a7000696930200202ea500069b5013
0023167200069b500a0000024c010000
00175b3d003352990110048f0064000a
0a0017b85600154627000017bc750012
05fc070018219f000f5eb31100190349
000f522b08001b41ad000f03f300001b
5ee0000bce9307001baaad0006f09711
001c71a7000696930200202ea500069b
50130023167200069b500a0000024c01
000000175b4b00335a320111048f0064
000a0a0017b85600154627000017bc75
001205fc070018219f000f5eb3110019
0349000f522b08001b41ad000f03f300
001b5ee0000bce9307001baaad0006f0
9711001c71a7000696930200202ea500
069b50130023167200069b500a000002
4c01000000175b84003361c90112048f
0064000a0a0017b85600154627000017
bc75001205fc070018219f000f5eb311
00190349000f522b08001b41ad000f03
f300001b5ee0000bce9307001baaad00
06f09711001c71a7000696930200202e
a500069b50130023167200069b500a00
00024c01000000175be70033695f0113
048f0064000a0a0017b8560015462700
0017bc75001205fc070018219f000f5e
b31100190349000f522b08001b41ad00
0f03f300001b5ee0000bce9307001baa
ad0006f09711001c71a7000696930200
202ea500069b50130023167200069b50
0a0000024c01000000175c76003370f2
0115048f0064000a0a0017b856001546
27000017bc75001205fc070018219f00
0f5eb31100190349000f522b08001b41
ad000f03f300001b5ee0000bce930700
1baaad0006f09711001c71a700069693
0200202ea500069b5013002316720006
9b500a0000024c01000000175d300033
78810116048f0064000a0a0017b85600
154627000017bc75001205fc07001821
9f000f5eb31100190349000f522b0800
1b41ad000f03f300001b5ee0000bce93
07001baaad0006f09711001c71a70006
96930200202ea500069b501300231672
00069b500a0000024c01000000175e14
0033800d0117048f0064000a0a0017b8
5600154627000017bc75001205fc0700
18219f000f5eb31100190349000f522b
08001b41ad000f03f300001b5ee0000b
ce9307001baaad0006f09711001c71a7
000696930200202ea500069b50130023
167200069b500a0000024c0100000017
5f23003387920119048f0064000a0a00
17b85600154627000017bc75001205fc
070018219f000f5eb31100190349000f
522b08001b41ad000f03f300001b5ee0
000bce9307001baaad0006f09711001c
71a7000696930200202ea500069b5013
0023167200069b500a0000024c010000
0017605d00338f11011a048f0064000a
0a0017b85600154627000017bc750012
05fc070018219f000f5eb31100190349
000f522b08001b41ad000f03f300001b
5ee0000bce9307001baaad0006f09711
001c71a7000696930200202ea500069b
50130023167200069b500a0000024c01
0000001761c100339688011b048f0064
000a0a0017b85600154627000017bc75
001205fc070018219f000f5eb3110019
0349000f522b08001b41ad000f03f300
001b5ee0000bce9307001baaad0006f0
9711001c71a7000696930200202ea500
069b50130023167200069b500a000002
4c0100000017635000339df7011c048f
0064000a0a0017b85600154627000017
bc75001205fc070018219f000f5eb311
00190349000f522b08001b41ad000f03
f300001b5ee0000bce9307001baaad00
06f09711001c71a7000696930200202e
a500069b50130023167200069b500a00
00024c010000001765090033a55d011e
048f0064000a0a0017b8560015462700
0017bc75001205fc070018219f000f5e
b31100190349000f522b08001b41ad00
0f03f300001b5ee0000bce9307001baa
ad0006f09711001c71a7000696930200
202ea500069b50130023167200069b50
0a0000024b010000001766eb0033acb8
011f048f0064000a0a0017b856001546
27000017bc75001205fc070018219f00
0f5eb31100190349000f522b08001b41
ad000f03f300001b5ee0000bce930700
1baaad0006f09711001c71a700069693
0200202ea500069b5013002316720006
9b500a0000024b010000001768f80033
b4080120048f0064000a0a0017b85600
154627000017bc75001205fc07001821
9f000f5eb31100190349000f522b0800
1b41ad000f03f300001b5ee0000bce93
07001baaad0006f09711001c71a70006
96930200202ea500069b501300231672
00069b500a0000024b01000000176b2d
0033bb4d0121048f0064000a0a0017b8
5600154627000017bc75001205fc0700
18219f000f5eb31100190349000f522b
08001b41ad000f03f300001b5ee0000b
ce9307001baaad0006f09711001c71a7
000696930200202ea500069b50130023
167200069b500a0000024b0100000017
6d8c0033c2840123048f0064000a0a00
17b85600154627000017bc75001205fc
070018219f000f5eb31100190349000f
522b08001b41ad000f03f300001b5ee0
000bce9307001baaad0006f09711001c
71a7000696930200202ea500069b5013
0023167200069b500a0000024b010000
001770130033c9ad0124048f0064000a
0a0017b85600154627000017bc750012
05fc070018219f000f5eb31100190349
000f522b08001b41ad000f03f300001b
5ee0000bce9307001baaad0006f09711
001c71a7000696930200202ea500069b
50130023167200069b500a0000024b01
0000001772c30033d0c80125048f0064
000a0a0017b85600154627000017bc75
001205fc070018219f000f5eb3110019
0349000f522b08001b41ad000f03f300
001b5ee0000bce9307001baaad0006f0
9711001c71a7000696930200202ea500
069b50130023167200069b500a000002
4b0100000017759c0033d7d30126048f
0064000a0a0017b85600154627000017
bc75001205fc070018219f000f5eb311
00190349000f522b08001b41ad000f03
f300001b5ee0000bce9307001baaad00
06f09711001c71a7000696930200202e
a500069b50130023167200069b500a00
00024b0100000017789c0033decd0128
048f0064000a0a0017b8560015462700
0017bc75001205fc070018219f000f5e
b31100190349000f522b08001b41ad00
0f03f300001b5ee0000bce9307001baa
ad0006f09711001c71a7000696930200
202ea500069b50130023167200069b50
0a0000024b01000000177bc30033e5b6
0128048f0064000a0a0017b856001546
27000017bc75001205fc070018219f00
0f5eb31100190349000f522b08001b41
ad000f03f300001b5ee0000bce930700
1baaad0006f09711001c71a700069693
0200202ea500069b5013002316720006
9b500a0000024b01000000177eff0033
ec960128048f0064000a0a0017b85600
154627000017bc75001205fc07001821
9f000f5eb31100190349000f522b0800
1b41ad000f03f300001b5ee0000bce93
07001baaad0006f09711001c71a70006
96930200202ea500069b501300231672
00069b500a0000024b01000000178245
0033f373012804900064000a0a0017b8
5600154627000017bc75001205fc0700
18219f000f5eb31100190349000f522b
08001b41ad000f03f300001b5ee0000b
ce9307001baaad0006f09711001c71a7
000696930200202ea500069b50130023
167200069b500a0000024b0100000017
85900033fa4f012804910064000a0a00
17b85600154627000017bc75001205fc
070018219f000f5eb31100190349000f
522b08001b41ad000f03f300001b5ee0
000bce9307001baaad0006f09711001c
71a7000696930200202ea500069b5013
0023167200069b500a0000024b010000
001788de0034012a012704910064000a
0a0017b85600154627000017bc750012
05fc070018219f000f5eb31100190349
000f522b08001b41ad000f03f300001b
5ee0000bce9307001baaad0006f09711
001c71a7000696930200202ea500069b
50130023167200069b500a0000024b01
000000178c1a0034080e012504920064
000a0a0017b85600154627000017bc75
001205fc070018219f000f5eb3110019
0349000f522b08001b41ad000f03f300
001b5ee0000bce9307001baaad0006f0
9711001c71a7000696930200202ea500
069b50130023167200069b500a000002
4b01000000178f3a00340f0001240492
0064000a0a0017b85600154627000017
bc75001205fc070018219f000f5eb311
00190349000f522b08001b41ad000f03
f300001b5ee0000bce9307001baaad00
06f09711001c71a7000696930200202e
a500069b50130023167200069b500a00
00024b01000000179237003416010123
04920064000a0a0017b8560015462700
0017bc75001205fc070018219f000f5e
b31100190349000f522b08001b41ad00
0f03f300001b5ee0000bce9307001baa
ad0006f09711001c71a7000696930200
202ea500069b50130023167200069b50
0a0000024b0100000017950f00341d11
012204920064000a0a0017b856001546
27000017bc75001205fc070018219f00
0f5eb31100190349000f522b08001b41
ad000f03f300001b5ee0000bce930700
1baaad0006f09711001c71a700069693
0200202ea500069b5013002316720006
9b500a0000024b010000001797c00034
2430012004910064000a0a0017b85600
154627000017bc75001205fc07001821
9f000f5eb31100190349000f522b0800
1b41ad000f03f300001b5ee0000bce93
07001baaad0006f09711001c71a70006
96930200202ea500069b501300231672
00069b500a0000024b01000000179a49
00342b5e011f04910064000a0a0017b8
5600154627000017bc75001205fc0700
18219f000f5eb31100190349000f522b
08001b41ad000f03f300001b5ee0000b
ce9307001baaad0006f09711001c71a7
000696930200202ea500069b50130023
167200069b500a0000024b0100000017
9ca900343299011e04910064000a0a00
17b85600154627000017bc75001205fc
070018219f000f5eb31100190349000f
522b08001b41ad000f03f300001b5ee0
000bce9307001baaad0006f09711001c
71a7000696930200202ea500069b5013
0023167200069b500a0000024b010000
00179ee0003439e1011c04910064000a
0a0017b85600154627000017bc750012
05fc070018219f000f5eb31100190349
000f522b08001b41ad000f03f300001b
5ee0000bce9307001baaad0006f09711
001c71a7000696930200202ea500069b
50130023167200069b500a0000024b01
00000017a0ed00344134011b04910064
000a0a0017b85600154627000017bc75
001205fc070018219f000f5eb3110019
0349000f522b08001b41ad000f03f300
001b5ee0000bce9307001baaad0006f0
9711001c71a7000696930200202ea500
069b50130023167200069b500a000002
4b0100000017a2d100344893011a0491
0064000a0a0017b85600154627000017
bc75001205fc070018219f000f5eb311
00190349000f522b08001b41ad000f03
f300001b5ee0000bce9307001baaad00
06f09711001c71a7000696930200202e
a500069b50130023167200069b500a00
00024b0100000017a48b00344ffb0119
04900064000a0a0017b8560015462700
0017bc75001205fc070018219f000f5e
b31100190349000f522b08001b41ad00
0f03f300001b5ee0000bce9307001baa
ad0006f09711001c71a7000696930200
202ea500069b50130023167200069b50
0a0000024b0100000017a61a0034576d
011704900064000a0a0017b856001546
27000017bc75001205fc070018219f00
0f5eb31100190349000f522b08001b41
ad000f03f300001b5ee0000bce930700
1baaad0006f09711001c71a700069693
0200202ea500069b5013002316720006
9b500a0000024b0100000017a77f0034
5ee7011604900064000a0a0017b85600
154627000017bc75001205fc07001821
9f000f5eb31100190349000f522b0800
1b41ad000f03f300001b5ee0000bce93
07001baaad0006f09711001c71a70006
96930200202ea500069b501300231672
00069b500a0000024b0100000017a8ba
00346668011504900064000a0a0017b8
5600154627000017bc75001205fc0700
18219f000f5eb31100190349000f522b
08001b41ad000f03f300001b5ee0000b
ce9307001baaad0006f09711001c71a7
000696930200202ea500069b50130023
167200069b500a0000024b0100000017
a9ca00346df0011404900064000a0a00
17b85600154627000017bc75001205fc
070018219f000f5eb31100190349000f
522b08001b41ad000f03f300001b5ee0
000bce9307001baaad0006f09711001c
71a7000696930200202ea500069b5013
0023167200069b500a0000024b010000
0017aaaf0034757c011304900064000a
0a0017b85600154627000017bc750012
05fc070018219f000f5eb31100190349
000f522b08001b41ad000f03f300001b
5ee0000bce9307001baaad0006f09711
001c71a7000696930200202ea500069b
50130023167200069b500a0000024b01
00000017ab7f00347d0c011304900064
000a0a0017b85600154627000017bc75
001205fc070018219f000f5eb3110019
0349000f522b08001b41ad000f03f300
001b5ee0000bce9307001baaad0006f0
9711001c71a7000696930200202ea500
069b50130023167200069b500a000002
4b0100000017ac430034849f01130491
0064000a0a0017b85600154627000017
bc75001205fc070018219f000f5eb311
00190349000f522b08001b41ad000f03
f300001b5ee0000bce9307001baaad00
06f09711001c71a7000696930200202e
a500069b50130023167200069b500a00
00024b0100000017ad0300348c320113
04920064000a0a0017b8560015462700
0017bc75001205fc070018219f000f5e
b31100190349000f522b08001b41ad00
0f03f300001b5ee0000bce9307001baa
ad0006f09711001c71a7000696930200
202ea500069b50130023167200069b50
0a0000024b0100000017adc0003493c7
011304920064000a0a0017b856001546
27000017bc75001205fc070018219f00
0f5eb31100190349000f522b08001b41
ad000f03f300001b5ee0000bce930700
1baaad0006f09711001c71a700069693
0200202ea500069b5013002316720006
9b500a0000024b0100000017ae7b0034
9b5d011304930064000a0a0017b85600
154627000017bc75001205fc07001821
9f000f5eb31100190349000f522b0800
1b41ad000f03f300001b5ee0000bce93
07001baaad0006f09711001c71a70006
96930200202ea500069b501300231672
00069b500a0000024b0100000017af36
0034a2f4011304930064000a0a0017b8
5600154627000017bc75001205fc0700
18219f000f5eb31100190349000f522b
08001b41ad000f03f300001b5ee0000b
ce9307001baaad0006f09711001c71a7
000696930200202ea500069b50130023
167200069b500a0000024b0100000017
aff10034aa8c011304940064000a0a00
17b85600154627000017bc75001205fc
070018219f000f5eb31100190349000f
522b08001b41ad000f03f300001b5ee0
000bce9307001baaad0006f09711001c
71a7000696930200202ea500069b5013
0023167200069b500a0000024b010000
0017b0ac0034b224011304940064000a
0a0017b85600154627000017bc750012
05fc070018219f000f5eb31100190349
000f522b08001b41ad000f03f300001b
5ee0000bce9307001baaad0006f09711
001c71a7000696930200202ea500069b
50130023167200069b500a0000024b01
00000017b1670034b9bd011304940064
000a0a0017b85600154627000017bc75
001205fc070018219f000f5eb3110019
0349000f522b08001b41ad000f03f300
001b5ee0000bce9307001baaad0006f0
9711001c71a7000696930200202ea500
069b50130023167200069b500a000002
4b0100000017b2220034c15601130495
0064000a0a0017b85600154627000017
bc75001205fc070018219f000f5eb311
00190349000f522b08001b41ad000f03
f300001b5ee0000bce9307001baaad00
06f09711001c71a7000696930200202e
a500069b50130023167200069b500a00
00024b0100000017b2dd0034c8f00113
04950064000a0a0017b8560015462700
0017bc75001205fc070018219f000f5e
b31100190349000f522b08001b41ad00
0f03f300001b5ee0000bce9307001baa
ad0006f09711001c71a7000696930200
202ea500069b50130023167200069b50
0a0000024b0100000017b3980034d08b
011304950064000a0a0017b856001546
27000017bc75001205fc070018219f00
0f5eb31100190349000f522b08001b41
ad000f03f300001b5ee0000bce930700
1baaad0006f09711001c71a700069693
0200202ea500069b5013002316720006
9b500a0000024b0100000017b4530034
d826011304960064000a0a0017b85600
154627000017bc75001205fc07001821
9f000f5eb31100190349000f522b0800
1b41ad000f03f300001b5ee0000bce93
07001baaad0006f09711001c71a70006
96930200202ea500069b501300231672
00069b500a0000024b0100000017b50e
0034dfc1011304960064000a0a0017b8
5600154627000017bc75001205fc0700
18219f000f5eb31100190349000f522b
08001b41ad000f03f300001b5ee0000b
ce9307001baaad0006f09711001c71a7
000696930200202ea500069b50130023
167200069b500a0000024b0100000017
b5c90034e75d011304960064000a0a00
17b85600154627000017bc75001205fc
070018219f000f5eb31100190349000f
522b08001b41ad000f03f300001b5ee0
000bce9307001baaad0006f09711001c
71a7000696930200202ea500069b5013
0023167200069b500a0000024b010000
0017b6840034eef9011304960064000a
0a0017b85600154627000017bc750012
05fc070018219f000f5eb31100190349
000f522b08001b41ad000f03f300001b
5ee0000bce9307001baaad0006f09711
001c71a7000696930200202ea500069b
50130023167200069b500a0000024b01
00000017b73f0034f696011304970064
000a0a0017b85600154627000017bc75
001205fc070018219f000f5eb3110019
0349000f522b08001b41ad000f03f300
001b5ee0000bce9307001baaad0006f0
9711001c71a7000696930200202ea500
069b50130023167200069b500a000002
4b0100000017b7fa0034fe3301130497
0064000a0a0017b85600154627000017
bc75001205fc070018219f000f5eb311
00190349000f522b08001b41ad000f03
f300001b5ee0000bce9307001baaad00
06f09711001c71a7000696930200202e
a500069b50130023167200069b500a00
00024b0100000017b8b5003505d00113
04970064000a0a0017b8560015462700
0017bc75001205fc070018219f000f5e
b31100190349000f522b08001b41ad00
0f03f300001b5ee0000bce9307001baa
ad0006f09711001c71a7000696930200
202ea500069b50130023167200069b50
0a0000024b0100000017b97000350d6e
011304970064000a0a0017b856001546
27000017bc75001205fc070018219f00
0f5eb31100190349000f522b08001b41
ad000f03f300001b5ee0000bce930700
1baaad0006f09711001c71a700069693
0200202ea500069b5013002316720006
9b500a0000024b0100000017ba2b0035
150c011304970064000a0a0017b85600
154627000017bc75001205fc07001821
9f000f5eb31100190349000f522b0800
1b41ad000f03f300001b5ee0000bce93
07001baaad0006f09711001c71a70006
96930200202ea500069b501300231672
00069b500a0000024b0100000017bae7
00351ca9011304970064000a0a0017b8
5600154627000017bc75001205fc0700
18219f000f5eb31100190349000f522b
08001b41ad000f03f300001b5ee0000b
ce9307001baaad0006f09711001c71a7
000696930200202ea500069b50130023
167200069b500a0000024b0100000017
bba200352448011304980064000a0a00
17b85600154627000017bc75001205fc
070018219f000f5eb31100190349000f
522b08001b41ad000f03f300001b5ee0
000bce9307001baaad0006f09711001c
71a7000696930200202ea500069b5013
0023167200069b500a0000024b010000
0017bc5d00352be6011304980064000a
0a0017b85600154627000017bc750012
05fc070018219f000f5eb31100190349
000f522b08001b41ad000f03f300001b
5ee0000bce9307001baaad0006f09711
001c71a7000696930200202ea500069b
50130023167200069b500a0000024b01
00000017bd1900353385011304980064
000a0a0017b85600154627000017bc75
001205fc070018219f000f5eb3110019
0349000f522b08001b41ad000f03f300
001b5ee0000bce9307001baaad0006f0
9711001c71a7000696930200202ea500
069b50130023167200069b500a000002
4b0100000017bdd400353b2401130498
0064000a0a0017b85600154627000017
bc75001205fc070018219f000f5eb311
00190349000f522b08001b41ad000f03
f300001b5ee0000bce9307001baaad00
06f09711001c71a7000696930200202e
a500069b50130023167200069b500a00
00024b0100000017be8f003542c30113
04980064000a0a0017b8560015462700
0017bc75001205fc070018219f000f5e
b31100190349000f522b08001b41ad00
0f03f300001b5ee0000bce9307001baa
ad0006f09711001c71a7000696930200
202ea500069b50130023167200069b50
0a0000024b0100000017bf4b00354a63
011304980064000a0a0017b856001546
27000017bc75001205fc070018219f00
0f5eb31100190349000f522b08001b41
ad000f03f300001b5ee0000bce930700
1baaad0006f09711001c71a700069693
0200202ea500069b5013002316720006
9b500a0000024b0100000017c0060035
5202011304980064000a0a0017b85600
154627000017bc75001205fc07001821
9f000f5eb31100190349000f522b0800
1b41ad000f03f300001b5ee0000bce93
07001baaad0006f09711001c71a70006
96930200202ea500069b501300231672
00069b500a0000024b0100000017c0c1
003559a1011304980064000a0a0017b8
5600154627000017bc75001205fc0700
18219f000f5eb31100190349000f522b
08001b41ad000f03f300001b5ee0000b
ce9307001baaad0006f09711001c71a7
000696930200202ea500069b50130023
167200069b500a0000024b0100000017
c17d00356141011304980064000a0a00
17b85600154627000017bc75001205fc
070018219f000f5eb31100190349000f
522b08001b41ad000f03f300001b5ee0
000bce9307001baaad0006f09711001c
71a7000696930200202ea500069b5013
0023167200069b500a0000024a010000
0017c238003568e0011304980064000a
0a0017b85600154627000017bc750012
05fc070018219f000f5eb31100190349
000f522b08001b41ad000f03f300001b
5ee0000bce9307001baaad0006f09711
001c71a7000696930200202ea500069b
50130023167200069b500a0000024a01
00000017c2f400357081011304980064
000a0a0017b85600154627000017bc75
001205fc070018219f000f5eb3110019
0349000f522b08001b41ad000f03f300
001b5ee0000bce9307001baaad0006f0
9711001c71a7000696930200202ea500
069b50130023167200069b500a000002
4a0100000017c3af0035782101130499
0064000a0a0017b85600154627000017
bc75001205fc070018219f000f5eb311
00190349000f522b08001b41ad000f03
f300001b5ee0000bce9307001baaad00
06f09711001c71a7000696930200202e
a500069b50130023167200069b500a00
00024a0100000017c46a00357fc00113
04990064000a0a0017b8560015462700
0017bc75001205fc070018219f000f5e
b31100190349000f522b08001b41ad00
0f03f300001b5ee0000bce9307001baa
ad0006f09711001c71a7000696930200
202ea500069b50130023167200069b50
0a0000024a0100000017c52600358761
011504990064000a0a0017b856001546
27000017bc75001205fc070018219f00
0f5eb31100190349000f522b08001b41
ad000f03f300001b5ee0000bce930700
1baaad0006f09711001c71a700069693
0200202ea500069b5013002316720006
9b500a0000024a0100000017c5f70035
8efe011604990064000a0a0017b85600
154627000017bc75001205fc07001821
9f000f5eb31100190349000f522b0800
1b41ad000f03f300001b5ee0000bce93
07001baaad0006f09711001c71a70006
96930200202ea500069b501300231672
00069b500a0000024a0100000017c6e7
00359698011704980064000a0a0017b8
5600154627000017bc75001205fc0700
18219f000f5eb31100190349000f522b
08001b41ad000f03f300001b5ee0000b
ce9307001baaad0006f09711001c71a7
000696930200202ea500069b50130023
167200069b500a0000024a0100000017
c7fe00359e2b011904980064000a0a00
17b85600154627000017bc75001205fc
070018219f000f5eb31100190349000f
522b08001b41ad000f03f300001b5ee0
000bce9307001baaad0006f09711001c
71a7000696930200202ea500069b5013
0023167200069b500a0000024a010000
0017c93c0035a5b8011a04970064000a
0a0017b85600154627000017bc750012
05fc070018219f000f5eb31100190349
000f522b08001b41ad000f03f300001b
5ee0000bce9307001baaad0006f09711
001c71a7000696930200202ea500069b
50130023167200069b500a0000024a01
00000017caa40035ad3c011b04970064
000a0a0017b85600154627000017bc75
001205fc070018219f000f5eb3110019
0349000f522b08001b41ad000f03f300
001b5ee0000bce9307001baaad0006f0
9711001c71a7000696930200202ea500
069b50130023167200069b500a000002
4a0100000017cc360035b4b7011c0496
0064000a0a0017b85600154627000017
bc75001205fc070018219f000f5eb311
00190349000f522b08001b41ad000f03
f300001b5ee0000bce9307001baaad00
06f09711001c71a7000696930200202e
a500069b50130023167200069b500a00
00024a0100000017cdf20035bc27011e
04950064000a0a0017b8560015462700
0017bc75001205fc070018219f000f5e
b31100190349000f522b08001b41ad00
0f03f300001b5ee0000bce9307001baa
ad0006f09711001c71a7000696930200
202ea500069b50130023167200069b50
0a0000024a0100000017cfd70035c38d
011e04950064000a0a0017b856001546
27000017bc75001205fc070018219f00
0f5eb31100190349000f522b08001b41
ad000f03f300001b5ee0000bce930700
1baaad0006f09711001c71a700069693
0200202ea500069b5013002316720006
9b500a0000024a0100000017d1d20035
caed011e04950064000a0a0017b85600
154627000017bc75001205fc07001821
9f000f5eb31100190349000f522b0800
1b41ad000f03f300001b5ee0000bce93
07001baaad0006f09711001c71a70006
96930200202ea500069b501300231672
00069b500a0000024a0100000017d3d7
0035d24b011e04950064000a0a0017b8
5600154627000017bc75001205fc0700
18219f000f5eb31100190349000f522b
08001b41ad000f03f300001b5ee0000b
ce9307001baaad0006f09711001c71a7
000696930200202ea500069b50130023
167200069b500a0000024a0100000017
d5e20035d9a8011e04960064000a0a00
17b85600154627000017bc75001205fc
070018219f000f5eb31100190349000f
522b08001b41ad000f03f300001b5ee0
000bce9307001baaad0006f09711001c
71a7000696930200202ea500069b5013
0023167200069b500a0000024a010000
0017d7ef0035e105011e04960064000a
0a0017b85600154627000017bc750012
05fc070018219f000f5eb31100190349
000f522b08001b41ad000f03f300001b
5ee0000bce9307001baaad0006f09711
001c71a7000696930200202ea500069b
50130023167200069b500a0000024a01
00000017d9fe0035e862011e04960064
000a0a0017b85600154627000017bc75
001205fc070018219f000f5eb3110019
0349000f522b08001b41ad000f03f300
001b5ee0000bce9307001baaad0006f0
9711001c71a7000696930200202ea500
069b50130023167200069b500a000002
4a0100000017dc0d0035efbf011c0496
0064000a0a0017b85600154627000017
bc75001205fc070018219f000f5eb311
00190349000f522b08001b41ad000f03
f300001b5ee0000bce9307001baaad00
06f09711001c71a7000696930200202e
a500069b50130023167200069b500a00
00024a0100000017de080035f721011b
04960064000a0a0017b8560015462700
0017bc75001205fc070018219f000f5e
b31100190349000f522b08001b41ad00
0f03f300001b5ee0000bce9307001baa
ad0006f09711001c71a7000696930200
202ea500069b50130023167200069b50
0a0000024a0100000017dfe40035fe8b
011a04960064000a0a0017b856001546
27000017bc75001205fc070018219f00
0f5eb31100190349000f522b08001b41
ad000f03f300001b5ee0000bce930700
1baaad0006f09711001c71a700069693
0200202ea500069b5013002316720006
9b500a0000024a0100000017e19b0036
05fe011904960064000a0a0017b85600
154627000017bc75001205fc07001821
9f000f5eb31100190349000f522b0800
1b41ad000f03f300001b5ee0000bce93
07001baaad0006f09711001c71a70006
96930200202ea500069b501300231672
00069b500a0000024a0100000017e329
00360d78011704950064000a0a0017b8
5600154627000017bc75001205fc0700
18219f000f5eb31100190349000f522b
08001b41ad000f03f300001b5ee0000b
ce9307001baaad0006f09711001c71a7
000696930200202ea500069b50130023
167200069b500a0000024a0100000017
e48f003614fa011604950064000a0a00
17b85600154627000017bc75001205fc
070018219f000f5eb31100190349000f
522b08001b41ad000f03f300001b5ee0
000bce9307001baaad0006f09711001c
71a7000696930200202ea500069b5013
0023167200069b500a0000024a010000
0017e5ca00361c83011504950064000a
0a0017b85600154627000017bc750012
05fc070018219f000f5eb31100190349
000f522b08001b41ad000f03f300001b
5ee0000bce9307001baaad0006f09711
001c71a7000696930200202ea500069b
50130023167200069b500a0000024a01
00000017e6db00362412011404940064
000a0a0017b85600154627000017bc75
001205fc070018219f000f5eb3110019
0349000f522b08001b41ad000f03f300
001b5ee0000bce9307001baaad0006f0
9711001c71a7000696930200202ea500
069b50130023167200069b500a000002
4a0100000017e7c100362ba501120494
0064000a0a0017b85600154627000017
bc75001205fc070018219f000f5eb311
00190349000f522b08001b41ad000f03
f300001b5ee0000bce9307001baaad00
06f09711001c71a7000696930200202e
a500069b50130023167200069b500a00
00024a0100000017e87b0036333c0111
04930064000a0a0017b8560015462700
0017bc75001205fc070018219f000f5e
b31100190349000f522b08001b41ad00
0f03f300001b5ee0000bce9307001baa
ad0006f09711001c71a7000696930200
202ea500069b50130023167200069b50
0a0000024a0100000017e90b00363ad6
011004930064000a0a0017b856001546
27000017bc75001205fc070018219f00
0f5eb31100190349000f522b08001b41
ad000f03f300001b5ee0000bce930700
1baaad0006f09711001c71a700069693
0200202ea500069b5013002316720006
9b500a0000024a0100000017e96f0036
4273010e04930064000a0a0017b85600
154627000017bc75001205fc07001821
9f000f5eb31100190349000f522b0800
1b41ad000f03f300001b5ee0000bce93
07001baaad0006f09711001c71a70006
96930200202ea500069b501300231672
00069b500a0000024a0100000017e9a8
00364a11010d04920064000a0a0017b8
5600154627000017bc75001205fc0700
18219f000f5eb31100190349000f522b
08001b41ad000f03f300001b5ee0000b
ce9307001baaad0006f09711001c71a7
000696930200202ea500069b50130023
167200069b500a0000024a0100000017
e9b6003651af010c04920064000a0a00
17b85600154627000017bc75001205fc
070018219f000f5eb31100190349000f
522b08001b41ad000f03f300001b5ee0
000bce9307001baaad0006f09711001c
71a7000696930200202ea500069b5013
0023167200069b500a0000024a010000
0017e9990036594c010b04920064000a
0a0017b85600154627000017bc750012
05fc070018219f000f5eb31100190349
000f522b08001b41ad000f03f300001b
5ee0000bce9307001baaad0006f09711
001c71a7000696930200202ea500069b
50130023167200069b500a0000024a01
00000017e951003660e9010904920064
000a0a0017b85600154627000017bc75
001205fc070018219f000f5eb3110019
0349000f522b08001b41ad000f03f300
001b5ee0000bce9307001baaad0006f0
9711001c71a7000696930200202ea500
069b50130023167200069b500a000002
4a0100000017e8dd0036688201080491
0064000a0a0017b85600154627000017
bc75001205fc070018219f000f5eb311
00190349000f522b08001b41ad000f03
f300001b5ee0000bce9307001baaad00
06f09711001c71a7000696930200202e
a500069b50130023167200069b500a00
00024a0100000017e83e003670180108
04910064000a0a0017b8560015462700
0017bc75001205fc070018219f000f5e
b31100190349000f522b08001b41ad00
0f03f300001b5ee0000bce9307001baa
ad0006f09711001c71a7000696930200
202ea500069b50130023167200069b50
0a0000024a0100000017e78a003677ad
010804920064000a0a0017b856001546
27000017bc75001205fc070018219f00
0f5eb31100190349000f522b08001b41
ad000f03f300001b5ee0000bce930700
1baaad0006f09711001c71a700069693
0200202ea500069b5013002316720006
9b500a0000024a0100000017e6ca0036
7f42010804920064000a0a0017b85600
154627000017bc75001205fc07001821
9f000f5eb31100190349000f522b0800
1b41ad000f03f300001b5ee0000bce93
07001baaad0006f09711001c71a70006
96930200202ea500069b501300231672
00069b500a0000024a0100000017e605
003686d7010804930064000a0a0017b8
5600154627000017bc75001205fc0700
18219f000f5eb31100190349000f522b
08001b41ad000f03f300001b5ee0000b
ce9307001baaad0006f09711001c71a7
000696930200202ea500069b50130023
167200069b500a0000024a0100000017
e53d00368e6d010804930064000a0a00
17b85600154627000017bc75001205fc
070018219f000f5eb31100190349000f
522b08001b41ad000f03f300001b5ee0
000bce9307001baaad0006f09711001c
71a7000696930200202ea500069b5013
0023167200069b500a0000024a010000
0017e47400369603010804940064000a
0a0017b85600154627000017bc750012
05fc070018219f000f5eb31100190349
000f522b08001b41ad000f03f300001b
5ee0000bce9307001baaad0006f09711
001c71a7000696930200202ea500069b
50130023167200069b500a0000024a01
00000017e3aa00369d99010804940064
000a0a0017b85600154627000017bc75
001205fc070018219f000f5eb3110019
0349000f522b08001b41ad000f03f300
001b5ee0000bce9307001baaad0006f0
9711001c71a7000696930200202ea500
069b50130023167200069b500a000002
4a0100000017e2e00036a53101080494
0064000a0a0017b85600154627000017
bc75001205fc070018219f000f5eb311
00190349000f522b08001b41ad000f03
f300001b5ee0000bce9307001baaad00
06f09711001c71a7000696930200202e
a500069b50130023167200069b500a00
00024a0100000017e2160036acc90108
04950064000a0a0017b8560015462700
0017bc75001205fc070018219f000f5e
b31100190349000f522b08001b41ad00
0f03f300001b5ee0000bce9307001baa
ad0006f09711001c71a7000696930200
202ea500069b50130023167200069b50
0a0000024a0100000017e14b0036b461
010804950064000a0a0017b856001546
27000017bc75001205fc070018219f00
0f5eb31100190349000f522b08001b41
ad000f03f300001b5ee0000bce930700
1baaad0006f09711001c71a700069693
0200202ea500069b5013002316720006
9b500a0000024a0100000017e0800036
bbfa010804950064000a0a0017b85600
154627000017bc75001205fc07001821
9f000f5eb31100190349000f522b0800
1b41ad000f03f300001b5ee0000bce93
07001baaad0006f09711001c71a70006
96930200202ea500069b501300231672
00069b500a0000024a0100000017dfb6
0036c394010804960064000a0a0017b8
5600154627000017bc75001205fc0700
18219f000f5eb31100190349000f522b
08001b41ad000f03f300001b5ee0000b
ce9307001baaad0006f09711001c71a7
000696930200202ea500069b50130023
167200069b500a0000024a0100000017
deeb0036cb2d010804960064000a0a00
17b85600154627000017bc75001205fc
070018219f000f5eb31100190349000f
522b08001b41ad000f03f300001b5ee0
000bce9307001baaad0006f09711001c
71a7000696930200202ea500069b5013
0023167200069b500a0000024a010000
0017de200036d2c8010804960064000a
0a0017b85600154627000017bc750012
05fc070018219f000f5eb31100190349
000f522b08001b41ad000f03f300001b
5ee0000bce9307001baaad0006f09711
001c71a7000696930200202ea500069b
50130023167200069b500a0000024a01
00000017dd550036da62010804960064
000a0a0017b85600154627000017bc75
001205fc070018219f000f5eb3110019
0349000f522b08001b41ad000f03f300
001b5ee0000bce9307001baaad0006f0
9711001c71a7000696930200202ea500
069b50130023167200069b500a000002
4a0100000017dc8b0036e1fd01080497
0064000a0a0017b85600154627000017
bc75001205fc070018219f000f5eb311
00190349000f522b08001b41ad000f03
f300001b5ee0000bce9307001baaad00
06f09711001c71a7000696930200202e
a500069b50130023167200069b500a00
00024a0100000017dbc00036e9990108
04970064000a0a0017b8560015462700
0017bc75001205fc070018219f000f5e
b31100190349000f522b08001b41ad00
0f03f300001b5ee0000bce9307001baa
ad0006f09711001c71a7000696930200
202ea500069b50130023167200069b50
0a0000024a0100000017daf50036f135
010904970064000a0a0017b856001546
27000017bc75001205fc070018219f00
0f5eb31100190349000f522b08001b41
ad000f03f300001b5ee0000bce930700
1baaad0006f09711001c71a700069693
0200202ea500069b5013002316720006
9b500a0000024a0100000017da3f0036
f8d2010b04970064000a0a0017b85600
154627000017bc75001205fc07001821
9f000f5eb31100190349000f522b0800
1b41ad000f03f300001b5ee0000bce93
07001baaad0006f09711001c71a70006
96930200202ea500069b501300231672
00069b500a0000024a0100000017d9aa
00370072010c04970064000a0a0017b8
5600154627000017bc75001205fc0700
18219f000f5eb31100190349000f522b
08001b41ad000f03f300001b5ee0000b
ce9307001baaad0006f09711001c71a7
000696930200202ea500069b50130023
167200069b500a0000024a0100000017
d93a00370814010d04960064000a0a00
17b85600154627000017bc75001205fc
070018219f000f5eb31100190349000f
522b08001b41ad000f03f300001b5ee0
000bce9307001baaad0006f09711001c
71a7000696930200202ea500069b5013
0023167200069b500a0000024a010000
0017d8f400370fb7010e04960064000a
0a0017b85600154627000017bc750012
05fc070018219f000f5eb31100190349
000f522b08001b41ad000f03f300001b
5ee0000bce9307001baaad0006f09711
001c71a7000696930200202ea500069b
50130023167200069b500a0000024a01
00000017d8d70037175b011004950064
000a0a0017b85600154627000017bc75
001205fc070018219f000f5eb3110019
0349000f522b08001b41ad000f03f300
001b5ee0000bce9307001baaad0006f0
9711001c71a7000696930200202ea500
069b50130023167200069b500a000002
4a0100000017d8e500371efd01110495
0064000a0a0017b85600154627000017
bc75001205fc070018219f000f5eb311
00190349000f522b08001b41ad000f03
f300001b5ee0000bce9307001baaad00
06f09711001c71a7000696930200202e
a500069b50130023167200069b500a00
00024a0100000017d91e0037269e0112
04940064000a0a0017b8560015462700
0017bc75001205fc070018219f000f5e
b31100190349000f522b08001b41ad00
0f03f300001b5ee0000bce9307001baa
ad0006f09711001c71a7000696930200
202ea500069b50130023167200069b50
0a000002490100000017d98300372e3d
011304940064000a0a0017b856001546
27000017bc75001205fc070018219f00
0f5eb31100190349000f522b08001b41
ad000f03f300001b5ee0000bce930700
1baaad0006f09711001c71a700069693
0200202ea500069b5013002316720006
9b500a000002490100000017da120037
35d9011504940064000a0a0017b85600
154627000017bc75001205fc07001821
9f000f5eb31100190349000f522b0800
1b41ad000f03f300001b5ee0000bce93
07001baaad0006f09711001c71a70006
96930200202ea500069b501300231672
00069b500a000002490100000017dacc
00373d70011604930064000a0a0017b8
5600154627000017bc75001205fc0700
18219f000f5eb31100190349000f522b
08001b41ad000f03f300001b5ee0000b
ce9307001baaad0006f09711001c71a7
000696930200202ea500069b50130023
167200069b500a000002490100000017
dbb200374502011704930064000a0a00
17b85600154627000017bc75001205fc
070018219f000f5eb31100190349000f
522b08001b41ad000f03f300001b5ee0
000bce9307001baaad0006f09711001c
71a7000696930200202ea500069b5013
0023167200069b500a00000249010000
0017dcc200374c8e011904930064000a
0a0017b85600154627000017bc750012
05fc070018219f000f5eb31100190349
000f522b08001b41ad000f03f300001b
5ee0000bce9307001baaad0006f09711
001c71a7000696930200202ea500069b
50130023167200069b500a0000024901
00000017ddfd00375413011a04920064
000a0a0017b85600154627000017bc75
001205fc070018219f000f5eb3110019
0349000f522b08001b41ad000f03f300
001b5ee0000bce9307001baaad0006f0
9711001c71a7000696930200202ea500
069b50130023167200069b500a000002
490100000017df6200375b90011b0492
0064000a0a0017b85600154627000017
bc75001205fc070018219f000f5eb311
00190349000f522b08001b41ad000f03
f300001b5ee0000bce9307001baaad00
06f09711001c71a7000696930200202e
a500069b50130023167200069b500a00
0002490100000017e0f200376305011c
04920064000a0a0017b8560015462700
0017bc75001205fc070018219f000f5e
b31100190349000f522b08001b41ad00
0f03f300001b5ee0000bce9307001baa
ad0006f09711001c71a7000696930200
202ea500069b50130023167200069b50
0a000002490100000017e2ac00376a6f
011e04920064000a0a0017b856001546
27000017bc75001205fc070018219f00
0f5eb31100190349000f522b08001b41
ad000f03f300001b5ee0000bce930700
1baaad0006f09711001c71a700069693
0200202ea500069b5013002316720006
9b500a000002490100000017e4900037
71cf011f04910064000a0a0017b85600
154627000017bc75001205fc07001821
9f000f5eb31100190349000f522b0800
1b41ad000f03f300001b5ee0000bce93
07001baaad0006f09711001c71a70006
96930200202ea500069b501300231672
00069b500a000002490100000017e69d
00377924012004910064000a0a0017b8
5600154627000017bc75001205fc0700
18219f000f5eb31100190349000f522b
08001b41ad000f03f300001b5ee0000b
ce9307001baaad0006f09711001c71a7
000696930200202ea500069b50130023
167200069b500a000002490100000017
e8d40037806c012104910064000a0a00
17b85600154627000017bc75001205fc
070018219f000f5eb31100190349000f
522b08001b41ad000f03f300001b5ee0
000bce9307001baaad0006f09711001c
71a7000696930200202ea500069b5013
0023167200069b500a00000249010000
0017eb33003787a7012304910064000a
0a0017b85600154627000017bc750012
05fc070018219f000f5eb31100190349
000f522b08001b41ad000f03f300001b
5ee0000bce9307001baaad0006f09711
001c71a7000696930200202ea500069b
50130023167200069b500a0000024901
00000017edbc00378ed4012404910064
000a0a0017b85600154627000017bc75
001205fc070018219f000f5eb3110019
0349000f522b08001b41ad000f03f300
001b5ee0000bce9307001baaad0006f0
9711001c71a7000696930200202ea500
069b50130023167200069b500a000002
490100000017f06d003795f101250491
0064000a0a0017b85600154627000017
bc75001205fc070018219f000f5eb311
00190349000f522b08001b41ad000f03
f300001b5ee0000bce9307001baaad00
06f09711001c71a7000696930200202e
a500069b50130023167200069b500a00
0002490100000017f34700379cff0126
04900064000a0a0017b8560015462700
0017bc75001205fc070018219f000f5e
b31100190349000f522b08001b41ad00
0f03f300001b5ee0000bce9307001baa
ad0006f09711001c71a7000696930200
202ea500069b50130023167200069b50
0a000002490100000017f6480037a3fb
012804900064000a0a0017b856001546
27000017bc75001205fc070018219f00
0f5eb31100190349000f522b08001b41
ad000f03f300001b5ee0000bce930700
1baaad0006f09711001c71a700069693
0200202ea500069b5013002316720006
9b500a000002490100000017f9700037
aae7012904900064000a0a0017b85600
154627000017bc75001205fc07001821
9f000f5eb31100190349000f522b0800
1b41ad000f03f300001b5ee0000bce93
07001baaad0006f09711001c71a70006
96930200202ea500069b501300231672
00069b500a000002490100000017fc8e
0037b161012a04500064000a0a0017b8
5600154627000017bc75001205fc0700
18219f000f5eb31100190349000f522b
08001b41ad000f03f300001b5ee0000b
ce9307001baaad0006f09711001c71a7
000696930200202ea500069b50130023
167200069b500a000002490100000017
ffa20037b770012c04140064000a0a00
17b85600154627000017bc75001205fc
070018219f000f5eb31100190349000f
522b08001b41ad000f03f300001b5ee0
000bce9307001baaad0006f09711001c
71a7000696930200202ea500069b5013
0023167200069b500a00000249010000
001802ab0037bd19012d03da0064000a
0a0017b85600154627000017bc750012
05fc070018219f000f5eb31100190349
000f522b08001b41ad000f03f300001b
5ee0000bce9307001baaad0006f09711
001c71a7000696930200202ea500069b
50130023167200069b500a0000024901
0000001805a60037c262012e03a40064
000a0a0017b85600154627000017bc75
001205fc070018219f000f5eb3110019
0349000f522b08001b41ad000f03f300
001b5ee0000bce9307001baaad0006f0
9711001c71a7000696930200202ea500
069b50130023167200069b500a000002
49010000001808940037c751012f0371
0064000a0a0017b85600154627000017
bc75001205fc070018219f000f5eb311
00190349000f522b08001b41ad000f03
f300001b5ee0000bce9307001baaad00
06f09711001c71a7000696930200202e
a500069b50130023167200069b500a00
00024901000000180b730037cbea0131
03410064000a0a0017b8560015462700
0017bc75001205fc070018219f000f5e
b31100190349000f522b08001b41ad00
0f03f300001b5ee0000bce9307001baa
ad0006f09711001c71a7000696930200
202ea500069b50130023167200069b50
0a0000024901000000180e420037d034
013203130064000a0a0017b856001546
27000017bc75001205fc070018219f00
0f5eb31100190349000f522b08001b41
ad000f03f300001b5ee0000bce930700
1baaad0006f09711001c71a700069693
0200202ea500069b5013002316720006
9b500a00000249010000001811000037
d432013302e80064000a0a0017b85600
154627000017bc75001205fc07001821
9f000f5eb31100190349000f522b0800
1b41ad000f03f300001b5ee0000bce93
07001baaad0006f09711001c71a70006
96930200202ea500069b501300231672
00069b500a00000249010000001813ad
0037d7e9013402bf0064000a0a0017b8
5600154627000017bc75001205fc0700
18219f000f5eb31100190349000f522b
08001b41ad000f03f300001b5ee0000b
ce9307001baaad0006f09711001c71a7
000696930200202ea500069b50130023
167200069b500a000002490100000018
16480037db5d013602990064000a0a00
17b85600154627000017bc75001205fc
070018219f000f5eb31100190349000f
522b08001b41ad000f03f300001b5ee0
000bce9307001baaad0006f09711001c
71a7000696930200202ea500069b5013
0023167200069b500a00000249010000
001818d10037de92013702740064000a
0a0017b85600154627000017bc750012
05fc070018219f000f5eb31100190349
000f522b08001b41ad000f03f300001b
5ee0000bce9307001baaad0006f09711
001c71a7000696930200202ea500069b
50130023167200069b500a0000024901
000000181b470037e18d013802520064
000a0a0017b85600154627000017bc75
001205fc070018219f000f5eb3110019
0349000f522b08001b41ad000f03f300
001b5ee0000bce9307001baaad0006f0
9711001c71a7000696930200202ea500
069b50130023167200069b500a000002
4901000000181dab0037e450013a0231
0064000a0a0017b85600154627000017
bc75001205fc070018219f000f5eb311
00190349000f522b08001b41ad000f03
f300001b5ee0000bce9307001baaad00
06f09711001c71a7000696930200202e
a500069b50130023167200069b500a00
00024901000000181ffc0037e6e0013b
02120064000a0a0017b8560015462700
0017bc75001205fc070018219f000f5e
b31100190349000f522b08001b41ad00
0f03f300001b5ee0000bce9307001baa
ad0006f09711001c71a7000696930200
202ea500069b50130023167200069b50
0a000002490100000018223a0037e93f
013c01f50064000a0a0017b856001546
27000017bc75001205fc070018219f00
0f5eb31100190349000f522b08001b41
ad000f03f300001b5ee0000bce930700
1baaad0006f09711001c71a700069693
0200202ea500069b5013002316720006
9b500a00000249010000001824640037
eb70013d01da0064000a0a0017b85600
154627000017bc75001205fc07001821
9f000f5eb31100190349000f522b0800
1b41ad000f03f300001b5ee0000bce93
07001baaad0006f09711001c71a70006
96930200202ea500069b501300231672
00069b500a000002490100000018267d
0037ed77013f01c00064000a0a0017b8
5600154627000017bc75001205fc0700
18219f000f5eb31100190349000f522b
08001b41ad000f03f300001b5ee0000b
ce9307001baaad0006f09711001c71a7
000696930200202ea500069b50130023
167200069b500a000002490100000018
28820037ef56014001a70064000a0a00
17b85600154627000017bc75001205fc
070018219f000f5eb31100190349000f
522b08001b41ad000f03f300001b5ee0
000bce9307001baaad0006f09711001c
71a7000696930200202ea500069b5013
0023167200069b500a00000249010000
00182a750037f110014101900064000a
0a0017b85600154627000017bc750012
05fc070018219f000f5eb31100190349
000f522b08001b41ad000f03f300001b
5ee0000bce9307001baaad0006f09711
001c71a7000696930200202ea500069b
50130023167200069b500a0000024901
000000182c560037f2a70142017a0064
000a0a0017b85600154627000017bc75
001205fc070018219f000f5eb3110019
0349000f522b08001b41ad000f03f300
001b5ee0000bce9307001baaad0006f0
9711001c71a7000696930200202ea500
069b50130023167200069b500a000002
4901000000182e250037f41d01440165
0064000a0a0017b85600154627000017
bc75001205fc070018219f000f5eb311
00190349000f522b08001b41ad000f03
f300001b5ee0000bce9307001baaad00
06f09711001c71a7000696930200202e
a500069b50130023167200069b500a00
00024901000000182fe20037f5760145
01520064000a0a0017b8560015462700
0017bc75001205fc070018219f000f5e
b31100190349000f522b08001b41ad00
0f03f300001b5ee0000bce9307001baa
ad0006f09711001c71a7000696930200
202ea500069b50130023167200069b50
0a000002490100000018318e0037f6b1
0146013f0064000a0a0017b856001546
27000017bc75001205fc070018219f00
0f5eb31100190349000f522b08001b41
ad000f03f300001b5ee0000bce930700
1baaad0006f09711001c71a700069693
0200202ea500069b5013002316720006
9b500a00000249010000001833950037
f81b0148017c0064000a0a0017b85600
154627000017bc75001205fc07001821
9f000f5eb31100190349000f522b0800
1b41ad000f03f300001b5ee0000bce93
07001baaad0006f09711001c71a70006
96930200202ea500069b501300231672
00069b500a00000249010000001835f2
0037f9ac014901b40064000a0a0017b8
5600154627000017bc75001205fc0700
18219f000f5eb31100190349000f522b
08001b41ad000f03f300001b5ee0000b
ce9307001baaad0006f09711001c71a7
000696930200202ea500069b50130023
167200069b500a000002490100000018
38a30037fb5d014a01e80064000a0a00
17b85600154627000017bc75001205fc
070018219f000f5eb31100190349000f
522b08001b41ad000f03f300001b5ee0
000bce9307001baaad0006f09711001c
71a7000696930200202ea500069b5013
0023167200069b500a00000249010000
00183ba20037fd2a014b02190064000a
0a0017b85600154627000017bc750012
05fc070018219f000f5eb31100190349
000f522b08001b41ad000f03f300001b
5ee0000bce9307001baaad0006f09711
001c71a7000696930200202ea500069b
50130023167200069b500a0000024901
000000183eeb0037ff0a014d02460064
000a0a0017b85600154627000017bc75
001205fc070018219f000f5eb3110019
0349000f522b08001b41ad000f03f300
001b5ee0000bce9307001baaad0006f0
9711001c71a7000696930200202ea500
069b50130023167200069b500a000002
490100000018427d003800f9014e026f
0064000a0a0017b85600154627000017
bc75001205fc070018219f000f5eb311
00190349000f522b08001b41ad000f03
f300001b5ee0000bce9307001baaad00
06f09711001c71a7000696930200202e
a500069b50130023167200069b500a00
00024901000000184653003802f2014f
02960064000a0a0017b8560015462700
0017bc75001205fc070018219f000f5e
b31100190349000f522b08001b41ad00
0f03f300001b5ee0000bce9307001baa
ad0006f09711001c71a7000696930200
202ea500069b50130023167200069b50
0a0000024901000000184a69003804ef
015002ba0064000a0a0017b856001546
27000017bc75001205fc070018219f00
0f5eb31100190349000f522b08001b41
ad000f03f300001b5ee0000bce930700
1baaad0006f09711001c71a700069693
0200202ea500069b5013002316720006
9b500a0000024901000000184ebe0038
06ed015202dc0064000a0a0017b85600
154627000017bc75001205fc07001821
9f000f5eb31100190349000f522b0800
1b41ad000f03f300001b5ee0000bce93
07001baaad0006f09711001c71a70006
96930200202ea500069b501300231672
00069b500a000002490100000018534c
003808e7015302fb0064000a0a0017b8
5600154627000017bc75001205fc0700
18219f000f5eb31100190349000f522b
08001b41ad000f03f300001b5ee0000b
ce9307001baaad0006f09711001c71a7
000696930200202ea500069b50130023
167200069b500a000002490100000018
581200380ad9015403180064000a0a00
17b85600154627000017bc75001205fc
070018219f000f5eb31100190349000f
522b08001b41ad000f03f300001b5ee0
000bce9307001baaad0006f09711001c
71a7000696930200202ea500069b5013
0023167200069b500a00000249010000
00185d0d00380cc0015503330064000a
0a0017b85600154627000017bc750012
05fc070018219f000f5eb31100190349
000f522b08001b41ad000f03f300001b
5ee0000bce9307001baaad0006f09711
001c71a7000696930200202ea500069b
50130023167200069b500a0000024901
00000018623800380e990157034c0064
000a0a0017b85600154627000017bc75
001205fc070018219f000f5eb3110019
0349000f522b08001b41ad000f03f300
001b5ee0000bce9307001baaad0006f0
9711001c71a7000696930200202ea500
069b50130023167200069b500a000002
49010000001867930038106101580363
0064000a0a0017b85600154627000017
bc75001205fc070018219f000f5eb311
00190349000f522b08001b41ad000f03
f300001b5ee0000bce9307001baaad00
06f09711001c71a7000696930200202e
a500069b50130023167200069b500a00
00024901000000186d1a003812150159
03780064000a0a0017b8560015462700
0017bc75001205fc070018219f000f5e
b31100190349000f522b08001b41ad00
0f03f300001b5ee0000bce9307001baa
ad0006f09711001c71a7000696930200
202ea500069b50130023167200069b50
0a00000249010000001872c9003813b2
015b038c0064000a0a0017b856001546
27000017bc75001205fc070018219f00
0f5eb31100190349000f522b08001b41
ad000f03f300001b5ee0000bce930700
1baaad0006f09711001c71a700069693
0200202ea500069b5013002316720006
9b500a000002490100000018788c0038
14e7015c03880064000a0a0017b85600
154627000017bc75001205fc07001821
9f000f5eb31100190349000f522b0800
1b41ad000f03f300001b5ee0000bce93
07001baaad0006f09711001c71a70006
96930200202ea500069b501300231672
00069b500a0000024901000000187e65
00381601015e03920064000a0a0017b8
5600154627000017bc75001205fc0700
18219f000f5eb31100190349000f522b
08001b41ad000f03f300001b5ee0000b
ce9307001baaad0006f09711001c71a7
000696930200202ea500069b50130023
167200069b500a000002480100000018
845e0038171d015f03a50064000a0a00
17b85600154627000017bc75001205fc
070018219f000f5eb31100190349000f
522b08001b41ad000f03f300001b5ee0
000bce9307001baaad0006f09711001c
71a7000696930200202ea500069b5013
0023167200069b500a00000248010000
00188a770038182a016003b60064000a
0a0017b85600154627000017bc750012
05fc070018219f000f5eb31100190349
000f522b08001b41ad000f03f300001b
5ee0000bce9307001baaad0006f09711
001c71a7000696930200202ea500069b
50130023167200069b500a0000024801
0000001890ad00381920016103c60064
000a0a0017b85600154627000017bc75
001205fc070018219f000f5eb3110019
0349000f522b08001b41ad000f03f300
001b5ee0000bce9307001baaad0006f0
9711001c71a7000696930200202ea500
069b50130023167200069b500a000002
4801000000189700003819fa016303d4
0064000a0a0017b85600154627000017
bc75001205fc070018219f000f5eb311
00190349000f522b08001b41ad000f03
f300001b5ee0000bce9307001baaad00
06f09711001c71a7000696930200202e
a500069b50130023167200069b500a00
00024801000000189d6d00381ab40164
03e20064000a0a0017b8560015462700
0017bc75001205fc070018219f000f5e
b31100190349000f522b08001b41ad00
0f03f300001b5ee0000bce9307001baa
ad0006f09711001c71a7000696930200
202ea500069b50130023167200069b50
0a000002480100000018a3f300381b4d
016503ee0064000a0a0017b856001546
27000017bc75001205fc070018219f00
0f5eb31100190349000f522b08001b41
ad000f03f300001b5ee0000bce930700
1baaad0006f09711001c71a700069693
0200202ea500069b5013002316720006
9b500a000002480100000018aa8f0038
1bc2016603f90064000a0a0017b85600
154627000017bc75001205fc07001821
9f000f5eb31100190349000f522b0800
1b41ad000f03f300001b5ee0000bce93
07001baaad0006f09711001c71a70006
96930200202ea500069b501300231672
00069b500a000002480100000018b13e
00381c13016804040064000a0a0017b8
5600154627000017bc75001205fc0700
18219f000f5eb31100190349000f522b
08001b41ad000f03f300001b5ee0000b
ce9307001baaad0006f09711001c71a7
000696930200202ea500069b50130023
167200069b500a000002480100000018
b80000381c3f0001040e0064000a0a00
17b85600154627000017bc75001205fc
070018219f000f5eb31100190349000f
522b08001b41ad000f03f300001b5ee0
000bce9307001baaad0006f09711001c
71a7000696930200202ea500069b5013
0023167200069b500a00000248010000
0018bed100381c45000204170064000a
0a0017b85600154627000017bc750012
05fc070018219f000f5eb31100190349
000f522b08001b41ad000f03f300001b
5ee0000bce9307001baaad0006f09711
001c71a7000696930200202ea500069b
50130023167200069b500a0000024801
00000018c5b000381c24000404200064
000a0a0017b85600154627000017bc75
001205fc070018219f000f5eb3110019
0349000f522b08001b41ad000f03f300
001b5ee0000bce9307001baaad0006f0
9711001c71a7000696930200202ea500
069b50130023167200069b500a000002
480100000018cc7a00381b6f00040418
0064000608001b41ad000f03f300001b
5ee0000bce9307001baaad0006f09711
001c71a7000696930200202ea500069b
50130023167200069b500a0000024801
00000018d35500381ad9000504210064
000608001b41ad000f03f300001b5ee0
000bce9307001baaad0006f09711001c
71a7000696930200202ea500069b5013
0023167200069b500a00000248010000
0018da1e003819e10005041d00640006
08001b41ad000f03f300001b5ee0000b
ce9307001baaad0006f09711001c71a7
000696930200202ea500069b50130023
167200069b500a000002480100000018
e0f90038191000060425006400060800
1b41ad000f03f300001b5ee0000bce93
07001baaad0006f09711001c71a70006
96930200202ea500069b501300231672
00069b500a000002480100000018e7e4
003818500006042d0064000608001b41
ad000f03f300001b5ee0000bce930700
1baaad0006f09711001c71a700069693
0200202ea500069b5013002316720006
9b500a000002480100000018eedd0038
179a000604340064000608001b41ad00
0f03f300001b5ee0000bce9307001baa
ad0006f09711001c71a7000696930200
202ea500069b50130023167200069b50
0a000002480100000018f5e2003816e7
0006043c0064000608001b41ad000f03
f300001b5ee0000bce9307001baaad00
06f09711001c71a7000696930200202e
a500069b50130023167200069b500a00
0002480100000018fcf2003816350006
04420064000608001b41ad000f03f300
001b5ee0000bce9307001baaad0006f0
9711001c71a7000696930200202ea500
069b50130023167200069b500a000002
480100000019040c0038158300060448
0064000608001b41ad000f03f300001b
5ee0000bce9307001baaad0006f09711
001c71a7000696930200202ea500069b
50130023167200069b500a0000024801
000000190b31003814d10006044e0064
000608001b41ad000f03f300001b5ee0
000bce9307001baaad0006f09711001c
71a7000696930200202ea500069b5013
0023167200069b500a00000248010000
0019125e0038141f0006045300640006
08001b41ad000f03f300001b5ee0000b
ce9307001baaad0006f09711001c71a7
000696930200202ea500069b50130023
167200069b500a000002480100000019
19930038136b00060458006400060800
1b41ad000f03f300001b5ee0000bce93
07001baaad0006f09711001c71a70006
96930200202ea500069b501300231672
00069b500a00000248010000001920d0
003812b70006045d0064000608001b41
ad000f03f300001b5ee0000bce930700
1baaad0006f09711001c71a700069693
0200202ea500069b5013002316720006
9b500a00000248010000001928140038
1202000604610064000608001b41ad00
0f03f300001b5ee0000bce9307001baa
ad0006f09711001c71a7000696930200
202ea500069b50130023167200069b50
0a0000024801000000192f5e0038114d
000604650064000608001b41ad000f03
f300001b5ee0000bce9307001baaad00
06f09711001c71a7000696930200202e
a500069b50130023167200069b500a00
000248010000001936af003810970006
04690064000608001b41ad000f03f300
001b5ee0000bce9307001baaad0006f0
9711001c71a7000696930200202ea500
069b50130023167200069b500a000002
4801000000193e0500380fe10006046c
0064000608001b41ad000f03f300001b
5ee0000bce9307001baaad0006f09711
001c71a7000696930200202ea500069b
50130023167200069b500a0000024801
00000019456100380f2a000604700064
000608001b41ad000f03f300001b5ee0
000bce9307001baaad0006f09711001c
71a7000696930200202ea500069b5013
0023167200069b500a00000248010000
00194cc200380e730006047200640006
08001b41ad000f03f300001b5ee0000b
ce9307001baaad0006f09711001c71a7
000696930200202ea500069b50130023
167200069b500a000002480100000019
542700380dbb00060475006400060800
1b41ad000f03f300001b5ee0000bce93
07001baaad0006f09711001c71a70006
96930200202ea500069b501300231672
00069b500a0000024801000000195b90
00380d03000604780064000608001b41
ad000f03f300001b5ee0000bce930700
1baaad0006f09711001c71a700069693
0200202ea500069b5013002316720006
9b500a00000248010000001962fe0038
0c4a0006047a0064000608001b41ad00
0f03f300001b5ee0000bce9307001baa
ad0006f09711001c71a7000696930200
202ea500069b50130023167200069b50
0a0000024801000000196a6f00380b91
0006047c0064000608001b41ad000f03
f300001b5ee0000bce9307001baaad00
06f09711001c71a7000696930200202e
a500069b50130023167200069b500a00
000248010000001971e300380ad70006
047e0064000608001b41ad000f03f300
001b5ee0000bce9307001baaad0006f0
9711001c71a7000696930200202ea500
069b50130023167200069b500a000002
480100000019795b00380a1e00060480
0064000608001b41ad000f03f300001b
5ee0000bce9307001baaad0006f09711
001c71a7000696930200202ea500069b
50130023167200069b500a0000024801
0000001980d500380964000604820064
000608001b41ad000f03f300001b5ee0
000bce9307001baaad0006f09711001c
71a7000696930200202ea500069b5013
0023167200069b500a00000248010000
00198853003808aa0006048400640006
08001b41ad000f03f300001b5ee0000b
ce9307001baaad0006f09711001c71a7
000696930200202ea500069b50130023
167200069b500a000002480100000019
8fd2003807ef00060485006400060800
1b41ad000f03f300001b5ee0000bce93
07001baaad0006f09711001c71a70006
96930200202ea500069b501300231672
00069b500a0000024801000000199755
00380735000604870064000608001b41
ad000f03f300001b5ee0000bce930700
1baaad0006f09711001c71a700069693
0200202ea500069b5013002316720006
9b500a0000024801000000199ed90038
067a000604880064000608001b41ad00
0f03f300001b5ee0000bce9307001baa
ad0006f09711001c71a7000696930200
202ea500069b50130023167200069b50
0a000002480100000019a65f003805bf
000604890064000608001b41ad000f03
f300001b5ee0000bce9307001baaad00
06f09711001c71a7000696930200202e
a500069b50130023167200069b500a00
0002480100000019ade8003805040006
048a0064000608001b41ad000f03f300
001b5ee0000bce9307001baaad0006f0
9711001c71a7000696930200202ea500
069b50130023167200069b500a000002
480100000019b572003804480006048b
0064000608001b41ad000f03f300001b
5ee0000bce9307001baaad0006f09711
001c71a7000696930200202ea500069b
50130023167200069b500a0000024801
00000019bcfd0038038d0006048c0064
000608001b41ad000f03f300001b5ee0
000bce9307001baaad0006f09711001c
71a7000696930200202ea500069b5013
0023167200069b500a00000248010000
0019c48a003802d10006048d00640006
08001b41ad000f03f300001b5ee0000b
ce9307001baaad0006f09711001c71a7
000696930200202ea500069b50130023
167200069b500a000002480100000019
cc19003802150006048e006400060800
1b41ad000f03f300001b5ee0000bce93
07001baaad0006f09711001c71a70006
96930200202ea500069b501300231672
00069b500a000002480100000019d3a9
003801590006048f0064000608001b41
ad000f03f300001b5ee0000bce930700
1baaad0006f09711001c71a700069693
0200202ea500069b5013002316720006
9b500a000002480100000019db3a0038
009d000604900064000608001b41ad00
0f03f300001b5ee0000bce9307001baa
ad0006f09711001c71a7000696930200
202ea500069b50130023167200069b50
0a000002480100000019e2cc0037ffe1
000604900064000608001b41ad000f03
f300001b5ee0000bce9307001baaad00
06f09711001c71a7000696930200202e
a500069b50130023167200069b500a00
0002480100000019ea5f0037ff250006
04910064000608001b41ad000f03f300
001b5ee0000bce9307001baaad0006f0
9711001c71a7000696930200202ea500
069b50130023167200069b500a000002
480100000019f1f40037fe6800060492
0064000608001b41ad000f03f300001b
5ee0000bce9307001baaad0006f09711
001c71a7000696930200202ea500069b
50130023167200069b500a0000024801
00000019f9890037fdac000604920064
000608001b41ad000f03f300001b5ee0
000bce9307001baaad0006f09711001c
71a7000696930200202ea500069b5013
0023167200069b500a00000248010000
001a011f0037fcef0006049300640006
08001b41ad000f03f300001b5ee0000b
ce9307001baaad0006f09711001c71a7
000696930200202ea500069b50130023
167200069b500a00000248010000001a
08b60037fc3200060493006400060800
1b41ad000f03f300001b5ee0000bce93
07001baaad0006f09711001c71a70006
96930200202ea500069b501300231672
00069b500a00000248010000001a104d
0037fb76000604940064000608001b41
ad000f03f300001b5ee0000bce930700
1baaad0006f09711001c71a700069693
0200202ea500069b5013002316720006
9b500a00000248010000001a17e60037
fab9000604940064000608001b41ad00
0f03f300001b5ee0000bce9307001baa
ad0006f09711001c71a7000696930200
202ea500069b50130023167200069b50
0a00000248010000001a1f7e0037f9fc
000604940064000608001b41ad000f03
f300001b5ee0000bce9307001baaad00
06f09711001c71a7000696930200202e
a500069b50130023167200069b500a00
000248010000001a27180037f93f0006
04950064000608001b41ad000f03f300
001b5ee0000bce9307001baaad0006f0
9711001c71a7000696930200202ea500
069b50130023167200069b500a000002
48010000001a2eb20037f88200060495
0064000608001b41ad000f03f300001b
5ee0000bce9307001baaad0006f09711
001c71a7000696930200202ea500069b
50130023167200069b500a0000024801
0000001a364c0037f7c6000604950064
000608001b41ad000f03f300001b5ee0
000bce9307001baaad0006f09711001c
71a7000696930200202ea500069b5013
0023167200069b500a00000247010000
001a3de70037f7080006049600640006
08001b41ad000f03f300001b5ee0000b
ce9307001baaad0006f09711001c71a7
000696930200202ea500069b50130023
167200069b500a00000247010000001a
45830037f64b00040496006400060800
1b41ad000f03f300001b5ee0000bce93
07001baaad0006f09711001c71a70006
96930200202ea500069b501300231672
00069b500a00000247010000001a4d20
0037f5a3000304960064000608001b41
ad000f03f300001b5ee0000bce930700
1baaad0006f09711001c71a700069693
0200202ea500069b5013002316720006
9b500a00000247010000001a54c00037
f51c000204960064000608001b41ad00
0f03f300001b5ee0000bce9307001baa
ad0006f09711001c71a7000696930200
202ea500069b50130023167200069b50
0a00000247010000001a5c610037f4ba
000104950064000608001b41ad000f03
f300001b5ee0000bce9307001baaad00
06f09711001c71a7000696930200202e
a500069b50130023167200069b500a00
000247010000001a64030037f4810167
04950064000608001b41ad000f03f300
001b5ee0000bce9307001baaad0006f0
9711001c71a7000696930200202ea500
069b50130023167200069b500a000002
47010000001a6ba60037f47201660495
0064000608001b41ad000f03f300001b
5ee0000bce9307001baaad0006f09711
001c71a7000696930200202ea500069b
50130023167200069b500a0000024701
0000001a73470037f48e016504940064
000608001b41ad000f03f300001b5ee0
000bce9307001baaad0006f09711001c
71a7000696930200202ea500069b5013
0023167200069b500a00000247010000
001a7ae70037f4d50163049400640006
08001b41ad000f03f300001b5ee0000b
ce9307001baaad0006f09711001c71a7
000696930200202ea500069b50130023
167200069b500a00000247010000001a
82840037f54701620493006400060800
1b41ad000f03f300001b5ee0000bce93
07001baaad0006f09711001c71a70006
96930200202ea500069b501300231672
00069b500a00000247010000001a8a1e
0037f5e4016104930064000608001b41
ad000f03f300001b5ee0000bce930700
1baaad0006f09711001c71a700069693
0200202ea500069b5013002316720006
9b500a00000247010000001a91b30037
f6ac016004930064000608001b41ad00
0f03f300001b5ee0000bce9307001baa
ad0006f09711001c71a7000696930200
202ea500069b50130023167200069b50
0a00000247010000001a99420037f79f
015e04920064000608001b41ad000f03
f300001b5ee0000bce9307001baaad00
06f09711001c71a7000696930200202e
a500069b50130023167200069b500a00
000247010000001aa0cc0037f8bd015d
04920064000608001b41ad000f03f300
001b5ee0000bce9307001baaad0006f0
9711001c71a7000696930200202ea500
069b50130023167200069b500a000002
47010000001aa84e0037fa05015c0492
0064000608001b41ad000f03f300001b
5ee0000bce9307001baaad0006f09711
001c71a7000696930200202ea500069b
50130023167200069b500a0000024701
0000001aafc80037fb78015b04920064
000608001b41ad000f03f300001b5ee0
000bce9307001baaad0006f09711001c
71a7000696930200202ea500069b5013
0023167200069b500a00000247010000
001ab7390037fd150159049100640006
08001b41ad000f03f300001b5ee0000b
ce9307001baaad0006f09711001c71a7
000696930200202ea500069b50130023
167200069b500a00000247010000001a
be9f0037fedc01580491006400060800
1b41ad000f03f300001b5ee0000bce93
07001baaad0006f09711001c71a70006
96930200202ea500069b501300231672
00069b500a00000247010000001ac5fc
003800cd015704910064000608001b41
ad000f03f300001b5ee0000bce930700
1baaad0006f09711001c71a700069693
0200202ea500069b5013002316720006
9b500a00000247010000001acd4c0038
02e7015504910064000608001b41ad00
0f03f300001b5ee0000bce9307001baa
ad0006f09711001c71a7000696930200
202ea500069b50130023167200069b50
0a00000247010000001ad48f0038052b
015404910064000608001b41ad000f03
f300001b5ee0000bce9307001baaad00
06f09711001c71a7000696930200202e
a500069b50130023167200069b500a00
000247010000001adbc6003807980153
04910064000608001b41ad000f03f300
001b5ee0000bce9307001baaad0006f0
9711001c71a7000696930200202ea500
069b50130023167200069b500a000002
47010000001ae2ed00380a2d01520490
0064000608001b41ad000f03f300001b
5ee0000bce9307001baaad0006f09711
001c71a7000696930200202ea500069b
50130023167200069b500a0000024701
0000001aea0600380ceb015004900064
000608001b41ad000f03f300001b5ee0
000bce9307001baaad0006f09711001c
71a7000696930200202ea500069b5013
0023167200069b500a00000247010000
001af10e00380fd1014f049000640006
08001b41ad000f03f300001b5ee0000b
ce9307001baaad0006f09711001c71a7
000696930200202ea500069b50130023
167200069b500a00000247010000001a
f805003812de014e0490006400060800
1b41ad000f03f300001b5ee0000bce93
07001baaad0006f09711001c71a70006
96930200202ea500069b501300231672
00069b500a00000247010000001afeea
00381613014d04900064000608001b41
ad000f03f300001b5ee0000bce930700
1baaad0006f09711001c71a700069693
0200202ea500069b5013002316720006
9b500a00000247010000001b05bc0038
196e014b04900064000608001b41ad00
0f03f300001b5ee0000bce9307001baa
ad0006f09711001c71a7000696930200
202ea500069b50130023167200069b50
0a00000247010000001b0c7b00381cf0
014a04900064000608001b41ad000f03
f300001b5ee0000bce9307001baaad00
06f09711001c71a7000696930200202e
a500069b50130023167200069b500a00
000247010000001b1326003820980149
04900064000608001b41ad000f03f300
001b5ee0000bce9307001baaad0006f0
9711001c71a7000696930200202ea500
069b50130023167200069b500a000002
47010000001b19bb0038246601470490
0064000608001b41ad000f03f300001b
5ee0000bce9307001baaad0006f09711
001c71a7000696930200202ea500069b
50130023167200069b500a0000024701
0000001b203900382858014604900064
000608001b41ad000f03f300001b5ee0
000bce9307001baaad0006f09711001c
71a7000696930200202ea500069b5013
0023167200069b500a00000247010000
001b26a100382c6f0145048f00640006
08001b41ad000f03f300001b5ee0000b
ce9307001baaad0006f09711001c71a7
000696930200202ea500069b50130023
167200069b500a00000247010000001b
2cf2003830aa0144048f006400060800
1b41ad000f03f300001b5ee0000bce93
07001baaad0006f09711001c71a70006
96930200202ea500069b501300231672
00069b500a00000247010000001b332a
003835090142048f0064000608001b41
ad000f03f300001b5ee0000bce930700
1baaad0006f09711001c71a700069693
0200202ea500069b5013002316720006
9b500a00000247010000001b39480038
398b0141048f0064000608001b41ad00
0f03f300001b5ee0000bce9307001baa
ad0006f09711001c71a7000696930200
202ea500069b50130023167200069b50
0a00000247010000001b3f4d00383e2f
0140048f0064000608001b41ad000f03
f300001b5ee0000bce9307001baaad00
06f09711001c71a7000696930200202e
a500069b50130023167200069b500a00
000247010000001b4536003842f5013f
048f0064000608001b41ad000f03f300
001b5ee0000bce9307001baaad0006f0
9711001c71a7000696930200202ea500
069b50130023167200069b500a000002
47010000001b4b05003847dc013d048f
0064000608001b41ad000f03f300001b
5ee0000bce9307001baaad0006f09711
001c71a7000696930200202ea500069b
50130023167200069b500a0000024701
0000001b50b700384ce3013c048f0064
000608001b41ad000f03f300001b5ee0
000bce9307001baaad0006f09711001c
71a7000696930200202ea500069b5013
0023167200069b500a00000247010000
001b564c0038520b013b048f00640006
08001b41ad000f03f300001b5ee0000b
ce9307001baaad0006f09711001c71a7
000696930200202ea500069b50130023
167200069b500a00000247010000001b
5bc300385752013a048f006400060800
1b41ad000f03f300001b5ee0000bce93
07001baaad0006f09711001c71a70006
96930200202ea500069b501300231672
00069b500a00000247010000001b611c
00385cb70138048f0064000608001b41
ad000f03f300001b5ee0000bce930700
1baaad0006f09711001c71a700069693
0200202ea500069b5013002316720006
9b500a00000247010000001b66560038
623b0137048f0064000608001b41ad00
0f03f300001b5ee0000bce9307001baa
ad0006f09711001c71a7000696930200
202ea500069b50130023167200069b50
0a00000247010000001b6b70003867dc
0136048f0064000608001b41ad000f03
f300001b5ee0000bce9307001baaad00
06f09711001c71a7000696930200202e
a500069b50130023167200069b500a00
000247010000001b706b00386d990134
048f0064000608001b41ad000f03f300
001b5ee0000bce9307001baaad0006f0
9711001c71a7000696930200202ea500
069b50130023167200069b500a000002
47010000001b7544003873720133048f
0064000608001b41ad000f03f300001b
5ee0000bce9307001baaad0006f09711
001c71a7000696930200202ea500069b
50130023167200069b500a0000024701
0000001b79fc003879670132048f0064
000608001b41ad000f03f300001b5ee0
000bce9307001baaad0006f09711001c
71a7000696930200202ea500069b5013
0023167200069b500a00000247010000
001b7e9100387f750131048f00640006
08001b41ad000f03f300001b5ee0000b
ce9307001baaad0006f09711001c71a7
000696930200202ea500069b50130023
167200069b500a00000247010000001b
83040038859e012f048f006400060800
1b41ad000f03f300001b5ee0000bce93
07001baaad0006f09711001c71a70006
96930200202ea500069b501300231672
00069b500a00000247010000001b8754
00388bdf012e048f0064000608001b41
ad000f03f300001b5ee0000bce930700
1baaad0006f09711001c71a700069693
0200202ea500069b5013002316720006
9b500a00000247010000001b8b800038
9238012d048f0064000608001b41ad00
0f03f300001b5ee0000bce9307001baa
ad0006f09711001c71a7000696930200
202ea500069b50130023167200069b50
0a00000247010000001b8f87003898a8
012c048f0064000608001b41ad000f03
f300001b5ee0000bce9307001baaad00
06f09711001c71a7000696930200202e
a500069b50130023167200069b500a00
000247010000001b936a00389f2f012a
048f0064000608001b41ad000f03f300
001b5ee0000bce9307001baaad0006f0
9711001c71a7000696930200202ea500
069b50130023167200069b500a000002
47010000001b97270038a5cc0129048f
0064000608001b41ad000f03f300001b
5ee0000bce9307001baaad0006f09711
001c71a7000696930200202ea500069b
50130023167200069b500a0000024701
0000001b9abf0038ac7d0128048f0064
000608001b41ad000f03f300001b5ee0
000bce9307001baaad0006f09711001c
71a7000696930200202ea500069b5013
0023167200069b500a00000247010000
001b9c050038b2bb012503d200640006
08001b41ad000f03f300001b5ee0000b
ce9307001baaad0006f09711001c71a7
000696930200202ea500069b50130023
167200069b500a00000247010000001b
9d110038b89501240392006400060800
1b41ad000f03f300001b5ee0000bce93
07001baaad0006f09711001c71a70006
96930200202ea500069b501300231672
00069b500a00000247010000001b9e1a
0038be300122036c0064000608001b41
ad000f03f300001b5ee0000bce930700
1baaad0006f09711001c71a700069693
0200202ea500069b5013002316720006
9b500a00000246010000001b9f280038
c3a8012003570064000608001b41ad00
0f03f300001b5ee0000bce9307001baa
ad0006f09711001c71a7000696930200
202ea500069b50130023167200069b50
0a00000246010000001ba0380038c90f
011f034e0064000608001b41ad000f03
f300001b5ee0000bce9307001baaad00
06f09711001c71a7000696930200202e
a500069b50130023167200069b500a00
000246010000001ba14b0038ce77011d
034e0064000608001b41ad000f03f300
001b5ee0000bce9307001baaad0006f0
9711001c71a7000696930200202ea500
069b50130023167200069b500a000002
46010000001ba25e0038d3ea011c0355
0064000608001b41ad000f03f300001b
5ee0000bce9307001baaad0006f09711
001c71a7000696930200202ea500069b
50130023167200069b500a0000024601
0000001ba3710038d971011a03610064
000608001b41ad000f03f300001b5ee0
000bce9307001baaad0006f09711001c
71a7000696930200202ea500069b5013
0023167200069b500a00000246010000
001ba4820038df130119037100640006
08001b41ad000f03f300001b5ee0000b
ce9307001baaad0006f09711001c71a7
000696930200202ea500069b50130023
167200069b500a00000246010000001b
a58f0038e4d501170383006400060800
1b41ad000f03f300001b5ee0000bce93
07001baaad0006f09711001c71a70006
96930200202ea500069b501300231672
00069b500a00000246010000001ba696
0038eab9011603960064000608001b41
ad000f03f300001b5ee0000bce930700
1baaad0006f09711001c71a700069693
0200202ea500069b5013002316720006
9b500a00000246010000001ba78c0038
f0be011503a80064000608001b41ad00
0f03f300001b5ee0000bce9307001baa
ad0006f09711001c71a7000696930200
202ea500069b50130023167200069b50
0a00000246010000001ba8670038f6e3
011403b90064000608001b41ad000f03
f300001b5ee0000bce9307001baaad00
06f09711001c71a7000696930200202e
a500069b50130023167200069b500a00
000246010000001ba9260038fd260112
03c80064000608001b41ad000f03f300
001b5ee0000bce9307001baaad0006f0
9711001c71a7000696930200202ea500
069b50130023167200069b500a000002
46010000001ba9c500390384011103d7
0064000608001b41ad000f03f300001b
5ee0000bce9307001baaad0006f09711
001c71a7000696930200202ea500069b
50130023167200069b500a0000024601
0000001baa41003909fb011003e40064
000608001b41ad000f03f300001b5ee0
000bce9307001baaad0006f09711001c
71a7000696930200202ea500069b5013
0023167200069b500a00000246010000
001baa9b00391089010f03f000640006
08001b41ad000f03f300001b5ee0000b
ce9307001baaad0006f09711001c71a7
000696930200202ea500069b50130023
167200069b500a00000246010000001b
aad00039172b010d03fb006400060800
1b41ad000f03f300001b5ee0000bce93
07001baaad0006f09711001c71a70006
96930200202ea500069b501300231672
00069b500a00000246010000001baae0
00391ddf010c04060064000608001b41
ad000f03f300001b5ee0000bce930700
1baaad0006f09711001c71a700069693
0200202ea500069b5013002316720006
9b500a00000246010000001baac90039
24a4010b04100064000608001b41ad00
0f03f300001b5ee0000bce9307001baa
ad0006f09711001c71a7000696930200
202ea500069b50130023167200069b50
0a00000246010000001baa8c00392b77
010a04190064000608001b41ad000f03
f300001b5ee0000bce9307001baaad00
06f09711001c71a7000696930200202e
a500069b50130023167200069b500a00
000246010000001ba9e8003932460109
041b0064000608001b41ad000f03f300
001b5ee0000bce9307001baaad0006f0
9711001c71a7000696930200202ea500
069b50130023167200069b500a000002
46010000001ba91c0039391b01080420
0064000608001b41ad000f03f300001b
5ee0000bce9307001baaad0006f09711
001c71a7000696930200202ea500069b
50130023167200069b500a0000024601
0000001ba83a00393ff8010704270064
000608001b41ad000f03f300001b5ee0
000bce9307001baaad0006f09711001c
71a7000696930200202ea500069b5013
0023167200069b500a00000246010000
001ba747003946dd0106042e00640006
08001b41ad000f03f300001b5ee0000b
ce9307001baaad0006f09711001c71a7
000696930200202ea500069b50130023
167200069b500a00000246010000001b
a64400394dcd01050435006400060800
1b41ad000f03f300001b5ee0000bce93
07001baaad0006f09711001c71a70006
96930200202ea500069b501300231672
00069b500a00000246010000001ba52d
003954c60103043c0064000608001b41
ad000f03f300001b5ee0000bce930700
1baaad0006f09711001c71a700069693
0200202ea500069b5013002316720006
9b500a00000246010000001ba3f80039
5bc4010204420064000608001b41ad00
0f03f300001b5ee0000bce9307001baa
ad0006f09711001c71a7000696930200
202ea500069b50130023167200069b50
0a00000246010000001ba29e003962c5
010104480064000608001b41ad000f03
f300001b5ee0000bce9307001baaad00
06f09711001c71a7000696930200202e
a500069b50130023167200069b500a00
000246010000001ba11d003969c600ff
044d0064000608001b41ad000f03f300
001b5ee0000bce9307001baaad0006f0
9711001c71a7000696930200202ea500
069b50130023167200069b500a000002
46010000001b9f74003970c700ff0451
0064000608001b41ad000f03f300001b
5ee0000bce9307001baaad0006f09711
001c71a7000696930200202ea500069b
50130023167200069b500a0000024601
0000001b9db5003977cb00ff04560064
000608001b41ad000f03f300001b5ee0
000bce9307001baaad0006f09711001c
71a7000696930200202ea500069b5013
0023167200069b500a00000246010000
001b9beb00397ed400ff045b00640006
08001b41ad000f03f300001b5ee0000b
ce9307001baaad0006f09711001c71a7
000696930200202ea500069b50130023
167200069b500a00000246010000001b
9a1a003985e400ff045f006400060800
1b41ad000f03f300001b5ee0000bce93
07001baaad0006f09711001c71a70006
96930200202ea500069b501300231672
00069b500a00000246010000001b9845
00398cf900ff04640064000608001b41
ad000f03f300001b5ee0000bce930700
1baaad0006f09711001c71a700069693
0200202ea500069b5013002316720006
9b500a00000246010000001b966e0039
941300ff04670064000608001b41ad00
0f03f300001b5ee0000bce9307001baa
ad0006f09711001c71a7000696930200
202ea500069b50130023167200069b50
0a00000246010000001b949400399b34
00ff046b0064000608001b41ad000f03
f300001b5ee0000bce9307001baaad00
06f09711001c71a7000696930200202e
a500069b50130023167200069b500a00
000246010000001b92b90039a25a00ff
046e0064000608001b41ad000f03f300
001b5ee0000bce9307001baaad0006f0
9711001c71a7000696930200202ea500
069b50130023167200069b500a000002
46010000001b90dc0039a98401010471
0064000608001b41ad000f03f300001b
5ee0000bce9307001baaad0006f09711
001c71a7000696930200202ea500069b
50130023167200069b500a0000024601
0000001b8f120039b0b8010204740064
000608001b41ad000f03f300001b5ee0
000bce9307001baaad0006f09711001c
71a7000696930200202ea500069b5013
0023167200069b500a00000246010000
001b8d660039b7f70103047600640006
08001b41ad000f03f300001b5ee0000b
ce9307001baaad0006f09711001c71a7
000696930200202ea500069b50130023
167200069b500a00000246010000001b
8bde0039bf4101040478006400060800
1b41ad000f03f300001b5ee0000bce93
07001baaad0006f09711001c71a70006
96930200202ea500069b501300231672
00069b500a00000246010000001b8a7c
0039c6950106047a0064000608001b41
ad000f03f300001b5ee0000bce930700
1baaad0006f09711001c71a700069693
0200202ea500069b5013002316720006
9b500a00000246010000001b89420039
cdf40107047b0064000608001b41ad00
0f03f300001b5ee0000bce9307001baa
ad0006f09711001c71a7000696930200
202ea500069b50130023167200069b50
0a00000246010000001b88310039d55b
0108047d0064000608001b41ad000f03
f300001b5ee0000bce9307001baaad00
06f09711001c71a7000696930200202e
a500069b50130023167200069b500a00
000246010000001b87490039dcc9010a
047e0064000608001b41ad000f03f300
001b5ee0000bce9307001baaad0006f0
9711001c71a7000696930200202ea500
069b50130023167200069b500a000002
46010000001b868b0039e43f010b047f
0064000608001b41ad000f03f300001b
5ee0000bce9307001baaad0006f09711
001c71a7000696930200202ea500069b
50130023167200069b500a0000024601
0000001b85f80039ebba010c04800064
000608001b41ad000f03f300001b5ee0
000bce9307001baaad0006f09711001c
71a7000696930200202ea500069b5013
0023167200069b500a00000246010000
001b858f0039f339010c048100640006
08001b41ad000f03f300001b5ee0000b
ce9307001baaad0006f09711001c71a7
000696930200202ea500069b50130023
167200069b500a00000246010000001b
853b0039fabc010c0483006400060800
1b41ad000f03f300001b5ee0000bce93
07001baaad0006f09711001c71a70006
96930200202ea500069b501300231672
00069b500a00000246010000001b84f2
003a0242010c04840064000608001b41
ad000f03f300001b5ee0000bce930700
1baaad0006f09711001c71a700069693
0200202ea500069b5013002316720006
9b500a00000246010000001b84ae003a
09ca010c04860064000608001b41ad00
0f03f300001b5ee0000bce9307001baa
ad0006f09711001c71a7000696930200
202ea500069b50130023167200069b50
0a00000246010000001b846d003a1156
010c04870064000608001b41ad000f03
f300001b5ee0000bce9307001baaad00
06f09711001c71a7000696930200202e
a500069b50130023167200069b500a00
000246010000001b842d003a18e3010c
04890064000608001b41ad000f03f300
001b5ee0000bce9307001baaad0006f0
9711001c71a7000696930200202ea500
069b50130023167200069b500a000002
46010000001b83ed003a2072010c048a
0064000608001b41ad000f03f300001b
5ee0000bce9307001baaad0006f09711
001c71a7000696930200202ea500069b
50130023167200069b500a0000024601
0000001b83ae003a2803010c048b0064
000608001b41ad000f03f300001b5ee0
000bce9307001baaad0006f09711001c
71a7000696930200202ea500069b5013
0023167200069b500a00000246010000
001b836e003a2f96010c048c00640006
08001b41ad000f03f300001b5ee0000b
ce9307001baaad0006f09711001c71a7
000696930200202ea500069b50130023
167200069b500a00000246010000001b
832f003a372a010c048d006400060800
1b41ad000f03f300001b5ee0000bce93
07001baaad0006f09711001c71a70006
96930200202ea500069b501300231672
00069b500a00000246010000001b82f0
003a3ebf010c048e0064000608001b41
ad000f03f300001b5ee0000bce930700
1baaad0006f09711001c71a700069693
0200202ea500069b5013002316720006
9b500a00000246010000001b82b0003a
4657010c048f0064000608001b41ad00
0f03f300001b5ee0000bce9307001baa
ad0006f09711001c71a7000696930200
202ea500069b50130023167200069b50
0a00000246010000001b8271003a4def
010c048f0064000608001b41ad000f03
f300001b5ee0000bce9307001baaad00
06f09711001c71a7000696930200202e
a500069b50130023167200069b500a00
000246010000001b8232003a5589010c
04900064000608001b41ad000f03f300
001b5ee0000bce9307001baaad0006f0
9711001c71a7000696930200202ea500
069b50130023167200069b500a000002
46010000001b81f2003a5d23010c0491
0064000608001b41ad000f03f300001b
5ee0000bce9307001baaad0006f09711
001c71a7000696930200202ea500069b
50130023167200069b500a0000024601
0000001b81b3003a64bf010c04910064
000608001b41ad000f03f300001b5ee0
000bce9307001baaad0006f09711001c
71a7000696930200202ea500069b5013
0023167200069b500a00000245010000
001b8173003a6c5c010c049200640006
08001b41ad000f03f300001b5ee0000b
ce9307001baaad0006f09711001c71a7
000696930200202ea500069b50130023
167200069b500a00000245010000001b
8134003a73f9010c0492006400060800
1b41ad000f03f300001b5ee0000bce93
07001baaad0006f09711001c71a70006
96930200202ea500069b501300231672
00069b500a00000245010000001b80f4
003a7b98010c04930064000608001b41
ad000f03f300001b5ee0000bce930700
1baaad0006f09711001c71a700069693
0200202ea500069b5013002316720006
9b500a00000245010000001b80b5003a
8337010c04930064000608001b41ad00
0f03f300001b5ee0000bce9307001baa
ad0006f09711001c71a7000696930200
202ea500069b50130023167200069b50
0a00000245010000001b8075003a8ad7
010c04940064000608001b41ad000f03
f300001b5ee0000bce9307001baaad00
06f09711001c71a7000696930200202e
a500069b50130023167200069b500a00
000245010000001b8036003a9278010c
04940064000608001b41ad000f03f300
001b5ee0000bce9307001baaad0006f0
9711001c71a7000696930200202ea500
069b50130023167200069b500a000002
45010000001b7ff6003a9a19010c0495
0064000608001b41ad000f03f300001b
5ee0000bce9307001baaad0006f09711
001c71a7000696930200202ea500069b
50130023167200069b500a0000024501
0000001b7fb6003aa1bb010c04950064
000608001b41ad000f03f300001b5ee0
000bce9307001baaad0006f09711001c
71a7000696930200202ea500069b5013
0023167200069b500a00000245010000
001b7f77003aa95d010c049500640006
08001b41ad000f03f300001b5ee0000b
ce9307001baaad0006f09711001c71a7
000696930200202ea500069b50130023
167200069b500a00000245010000001b
7f37003ab100010c0495006400060800
1b41ad000f03f300001b5ee0000bce93
07001baaad0006f09711001c71a70006
96930200202ea500069b501300231672
00069b500a00000245010000001b7ef7
003ab8a3010c04960064000608001b41
ad000f03f300001b5ee0000bce930700
1baaad0006f09711001c71a700069693
0200202ea500069b5013002316720006
9b500a00000245010000001b7eb8003a
c047010c04960064000608001b41ad00
0f03f300001b5ee0000bce9307001baa
ad0006f09711001c71a7000696930200
202ea500069b50130023167200069b50
0a00000245010000001b7e78003ac7eb
010c04960064000608001b41ad000f03
f300001b5ee0000bce9307001baaad00
06f09711001c71a7000696930200202e
a500069b50130023167200069b500a00
000245010000001b7e38003acf90010c
04960064000608001b41ad000f03f300
001b5ee0000bce9307001baaad0006f0
9711001c71a7000696930200202ea500
069b50130023167200069b500a000002
45010000001b7df9003ad734010c0497
0064000608001b41ad000f03f300001b
5ee0000bce9307001baaad0006f09711
001c71a7000696930200202ea500069b
50130023167200069b500a0000024501
0000001b7db9003aded9010c04970064
000608001b41ad000f03f300001b5ee0
000bce9307001baaad0006f09711001c
71a7000696930200202ea500069b5013
0023167200069b500a00000245010000
001b7d79003ae67f010c049700640006
08001b41ad000f03f300001b5ee0000b
ce9307001baaad0006f09711001c71a7
000696930200202ea500069b50130023
167200069b500a00000245010000001b
7d39003aee24010c0497006400060800
1b41ad000f03f300001b5ee0000bce93
07001baaad0006f09711001c71a70006
96930200202ea500069b501300231672
00069b500a00000245010000001b7cfa
003af5ca010c04970064000608001b41
ad000f03f300001b5ee0000bce930700
1baaad0006f09711001c71a700069693
0200202ea500069b5013002316720006
9b500a00000245010000001b7cba003a
fd71010c04980064000608001b41ad00
0f03f300001b5ee0000bce9307001baa
ad0006f09711001c71a7000696930200
202ea500069b50130023167200069b50
0a00000245010000001b7c7a003b0517
010c04980064000608001b41ad000f03
f300001b5ee0000bce9307001baaad00
06f09711001c71a7000696930200202e
a500069b50130023167200069b500a00
000245010000001b7c3b003b0cbd010c
04980064000608001b41ad000f03f300
001b5ee0000bce9307001baaad0006f0
9711001c71a7000696930200202ea500
069b50130023167200069b500a000002
45010000001b7bfb003b1464010c0498
0064000608001b41ad000f03f300001b
5ee0000bce9307001baaad0006f09711
001c71a7000696930200202ea500069b
50130023167200069b500a0000024501
0000001b7bbb003b1c0b010c04980064
000608001b41ad000f03f300001b5ee0
000bce9307001baaad0006f09711001c
71a7000696930200202ea500069b5013
0023167200069b500a00000245010000
001b7b7b003b23b2010c049800640006
08001b41ad000f03f300001b5ee0000b
ce9307001baaad0006f09711001c71a7
000696930200202ea500069b50130023
167200069b500a00000245010000001b
7b3c003b2b5a010c0498006400060800
1b41ad000f03f300001b5ee0000bce93
07001baaad0006f09711001c71a70006
96930200202ea500069b501300231672
00069b500a00000245010000001b7afc
003b3301010c04980064000608001b41
ad000f03f300001b5ee0000bce930700
1baaad0006f09711001c71a700069693
0200202ea500069b5013002316720006
9b500a00000245010000001b7abc003b
3aa9010c04980064000608001b41ad00
0f03f300001b5ee0000bce9307001baa
ad0006f09711001c71a7000696930200
202ea500069b50130023167200069b50
0a00000245010000001b7a7c003b4250
010c04980064000608001b41ad000f03
f300001b5ee0000bce9307001baaad00
06f09711001c71a7000696930200202e
a500069b50130023167200069b500a00
000245010000001b7a3c003b49f8010c
04980064000608001b41ad000f03f300
001b5ee0000bce9307001baaad0006f0
9711001c71a7000696930200202ea500
069b50130023167200069b500a000002
45010000001b79fc003b51a0010c0499
0064000608001b41ad000f03f300001b
5ee0000bce9307001baaad0006f09711
001c71a7000696930200202ea500069b
50130023167200069b500a0000024501
0000001b79bc003b5948010c04990064
000608001b41ad000f03f300001b5ee0
000bce9307001baaad0006f09711001c
71a7000696930200202ea500069b5013
0023167200069b500a00000245010000
001b797c003b60f0010c049900640006
08001b41ad000f03f300001b5ee0000b
ce9307001baaad0006f09711001c71a7
000696930200202ea500069b50130023
167200069b500a00000245010000001b
793d003b6898010c0499006400060800
1b41ad000f03f300001b5ee0000bce93
07001baaad0006f09711001c71a70006
96930200202ea500069b501300231672
00069b500a00000245010000001b78fd
003b7040010c04990064000608001b41
ad000f03f300001b5ee0000bce930700
1baaad0006f09711001c71a700069693
0200202ea500069b5013002316720006
9b500a00000245010000001b78bd003b
77e8010c04990064000608001b41ad00
0f03f300001b5ee0000bce9307001baa
ad0006f09711001c71a7000696930200
202ea500069b50130023167200069b50
0a00000245010000001b787d003b7f91
010c04990064000608001b41ad000f03
f300001b5ee0000bce9307001baaad00
06f09711001c71a7000696930200202e
a500069b50130023167200069b500a00
000245010000001b783d003b8739010c
04990064000608001b41ad000f03f300
001b5ee0000bce9307001baaad0006f0
9711001c71a7000696930200202ea500
069b50130023167200069b500a000002
45010000001b77fd003b8ee2010c0499
0064000608001b41ad000f03f300001b
5ee0000bce9307001baaad0006f09711
001c71a7000696930200202ea500069b
50130023167200069b500a0000024501
0000001b77bd003b968a010c04990064
000608001b41ad000f03f300001b5ee0
000bce9307001baaad0006f09711001c
71a7000696930200202ea500069b5013
0023167200069b500a00000245010000
001b777d003b9e33010c049900640006
08001b41ad000f03f300001b5ee0000b
ce9307001baaad0006f09711001c71a7
000696930200202ea500069b50130023
167200069b500a00000245010000001b
773d003ba5db010c0499006400060800
1b41ad000f03f300001b5ee0000bce93
07001baaad0006f09711001c71a70006
96930200202ea500069b501300231672
00069b500a00000245010000001b76fe
003bad84010c04990064000608001b41
ad000f03f300001b5ee0000bce930700
1baaad0006f09711001c71a700069693
0200202ea500069b5013002316720006
9b500a00000245010000001b76be003b
b52d010c04990064000608001b41ad00
0f03f300001b5ee0000bce9307001baa
ad0006f09711001c71a7000696930200
202ea500069b50130023167200069b50
0a00000245010000001b767e003bbcd6
010c04990064000608001b41ad000f03
f300001b5ee0000bce9307001baaad00
06f09711001c71a7000696930200202e
a500069b50130023167200069b500a00
000245010000001b763e003bc47e010c
04990064000608001b41ad000f03f300
001b5ee0000bce9307001baaad0006f0
9711001c71a7000696930200202ea500
069b50130023167200069b500a000002
45010000001b75fe003bcc27010c0499
0064000608001b41ad000f03f300001b
5ee0000bce9307001baaad0006f09711
001c71a7000696930200202ea500069b
50130023167200069b500a0000024501
0000001b75be003bd3d0010c04990064
000608001b41ad000f03f300001b5ee0
000bce9307001baaad0006f09711001c
71a7000696930200202ea500069b5013
0023167200069b500a00000245010000
001b757e003bdb79010c049900640006
08001b41ad000f03f300001b5ee0000b
ce9307001baaad0006f09711001c71a7
000696930200202ea500069b50130023
167200069b500a00000245010000001b
753e003be321010c0499006400060800
1b41ad000f03f300001b5ee0000bce93
07001baaad0006f09711001c71a70006
96930200202ea500069b501300231672
00069b500a00000245010000001b74fe
003beaca010c04990064000608001b41
ad000f03f300001b5ee0000bce930700
1baaad0006f09711001c71a700069693
0200202ea500069b5013002316720006
9b500a00000245010000001b74be003b
f273010c04990064000608001b41ad00
0f03f300001b5ee0000bce9307001baa
ad0006f09711001c71a7000696930200
202ea500069b50130023167200069b50
0a00000245010000001b747f003bfa1c
010c04990064000608001b41ad000f03
f300001b5ee0000bce9307001baaad00
06f09711001c71a7000696930200202e
a500069b50130023167200069b500a00
000245010000001b743f003c01c6010c
04990064000608001b41ad000f03f300
001b5ee0000bce9307001baaad0006f0
9711001c71a7000696930200202ea500
069b50130023167200069b500a000002
45010000001b73ff003c096f010c0499
0064000608001b41ad000f03f300001b
5ee0000bce9307001baaad0006f09711
001c71a7000696930200202ea500069b
50130023167200069b500a0000024501
0000001b73bf003c1118010c04990064
000608001b41ad000f03f300001b5ee0
000bce9307001baaad0006f09711001c
71a7000696930200202ea500069b5013
0023167200069b500a00000245010000
001b737f003c18c1010c049900640006
08001b41ad000f03f300001b5ee0000b
ce9307001baaad0006f09711001c71a7
000696930200202ea500069b50130023
167200069b500a00000245010000001b
733f003c206a010c0499006400060800
1b41ad000f03f300001b5ee0000bce93
07001baaad0006f09711001c71a70006
96930200202ea500069b501300231672
00069b500a00000245010000001b72ff
003c2813010c04990064000608001b41
ad000f03f300001b5ee0000bce930700
1baaad0006f09711001c71a700069693
0200202ea500069b5013002316720006
9b500a00000244010000001b72bf003c
2fbc010c04990064000608001b41ad00
0f03f300001b5ee0000bce9307001baa
ad0006f09711001c71a7000696930200
202ea500069b50130023167200069b50
0a00000244010000001b727f003c3765
010c04990064000608001b41ad000f03
f300001b5ee0000bce9307001baaad00
06f09711001c71a7000696930200202e
a500069b50130023167200069b500a00
000244010000001b7240003c3f0f010c
04990064000608001b41ad000f03f300
001b5ee0000bce9307001baaad0006f0
9711001c71a7000696930200202ea500
069b50130023167200069b500a000002
44010000001b7200003c46b8010c0499
0064000608001b41ad000f03f300001b
5ee0000bce9307001baaad0006f09711
001c71a7000696930200202ea500069b
50130023167200069b500a0000024401
0000001b71c0003c4e61010c04990064
000608001b41ad000f03f300001b5ee0
000bce9307001baaad0006f09711001c
71a7000696930200202ea500069b5013
0023167200069b500a00000244010000
001b7180003c560a010c049900640006
08001b41ad000f03f300001b5ee0000b
ce9307001baaad0006f09711001c71a7
000696930200202ea500069b50130023
167200069b500a00000244010000001b
7140003c5db3010c0499006400060800
1b41ad000f03f300001b5ee0000bce93
07001baaad0006f09711001c71a70006
96930200202ea500069b501300231672
00069b500a00000244010000001b7100
003c655c010c04990064000608001b41
ad000f03f300001b5ee0000bce930700
1baaad0006f09711001c71a700069693
0200202ea500069b5013002316720006
9b500a00000244010000001b70c0003c
6d05010c04990064000608001b41ad00
0f03f300001b5ee0000bce9307001baa
ad0006f09711001c71a7000696930200
202ea500069b50130023167200069b50
0a00000244010000001b7080003c74af
010c04990064000608001b41ad000f03
f300001b5ee0000bce9307001baaad00
06f09711001c71a7000696930200202e
a500069b50130023167200069b500a00
000244010000001b7040003c7c58010c
04990064000608001b41ad000f03f300
001b5ee0000bce9307001baaad0006f0
9711001c71a7000696930200202ea500
069b50130023167200069b500a000002
44010000001b7000003c8401010c0499
0064000608001b41ad000f03f300001b
5ee0000bce9307001baaad0006f09711
001c71a7000696930200202ea500069b
50130023167200069b500a0000024401
0000001b6fc1003c8baa010c04990064
000608001b41ad000f03f300001b5ee0
000bce9307001baaad0006f09711001c
71a7000696930200202ea500069b5013
0023167200069b500a00000244010000
001b6f81003c9353010c049900640006
08001b41ad000f03f300001b5ee0000b
ce9307001baaad0006f09711001c71a7
000696930200202ea500069b50130023
167200069b500a00000244010000001b
6f41003c9afc010c0499006400060800
1b41ad000f03f300001b5ee0000bce93
07001baaad0006f09711001c71a70006
96930200202ea500069b501300231672
00069b500a00000244010000001b6f01
003ca2a5010c04990064000608001b41
ad000f03f300001b5ee0000bce930700
1baaad0006f09711001c71a700069693
0200202ea500069b5013002316720006
9b500a00000244010000001b6ec1003c
aa4f010c04990064000608001b41ad00
0f03f300001b5ee0000bce9307001baa
ad0006f09711001c71a7000696930200
202ea500069b50130023167200069b50
0a00000244010000001b6e81003cb1f8
010c04990064000608001b41ad000f03
f300001b5ee0000bce9307001baaad00
06f09711001c71a7000696930200202e
a500069b50130023167200069b500a00
000244010000001b6e41003cb9a1010c
04990064000608001b41ad000f03f300
001b5ee0000bce9307001baaad0006f0
9711001c71a7000696930200202ea500
069b50130023167200069b500a000002
44010000001b6e01003cc14a010c0499
0064000608001b41ad000f03f300001b
5ee0000bce9307001baaad0006f09711
001c71a7000696930200202ea500069b
50130023167200069b500a0000024401
0000001b6dc1003cc8f3010c04990064
000608001b41ad000f03f300001b5ee0
000bce9307001baaad0006f09711001c
71a7000696930200202ea500069b5013
0023167200069b500a00000244010000
001b6d81003cd09c010c049900640006
08001b41ad000f03f300001b5ee0000b
ce9307001baaad0006f09711001c71a7
000696930200202ea500069b50130023
167200069b500a00000244010000001b
6d42003cd845010c0499006400060800
1b41ad000f03f300001b5ee0000bce93
07001baaad0006f09711001c71a70006
96930200202ea500069b501300231672
00069b500a00000244010000001b6d02
003cdfee010c04990064000608001b41
ad000f03f300001b5ee0000bce930700
1baaad0006f09711001c71a700069693
0200202ea500069b5013002316720006
9b500a00000244010000001b6cc2003c
e798010c04990064000608001b41ad00
0f03f300001b5ee0000bce9307001baa
ad0006f09711001c71a7000696930200
202ea500069b50130023167200069b50
0a00000244010000001b6c82003cef41
010c04990064000608001b41ad000f03
f300001b5ee0000bce9307001baaad00
06f09711001c71a7000696930200202e
a500069b50130023167200069b500a00
000244010000001b6c42003cf6ea010c
04990064000608001b41ad000f03f300
001b5ee0000bce9307001baaad0006f0
9711001c71a7000696930200202ea500
069b50130023167200069b500a000002
44010000001b6c02003cfe93010c0499
0064000608001b41ad000f03f300001b
5ee0000bce9307001baaad0006f09711
001c71a7000696930200202ea500069b
50130023167200069b500a0000024401
0000001b6bc2003d063c010c04990064
000608001b41ad000f03f300001b5ee0
000bce9307001baaad0006f09711001c
71a7000696930200202ea500069b5013
0023167200069b500a00000244010000
001b6b82003d0de5010c049900640006
08001b41ad000f03f300001b5ee0000b
ce9307001baaad0006f09711001c71a7
000696930200202ea500069b50130023
167200069b500a00000244010000001b
6b42003d158e010c0499006400060800
1b41ad000f03f300001b5ee0000bce93
07001baaad0006f09711001c71a70006
96930200202ea500069b501300231672
00069b500a00000244010000001b6b03
003d1d38010c04990064000608001b41
ad000f03f300001b5ee0000bce930700
1baaad0006f09711001c71a700069693
0200202ea500069b5013002316720006
9b500a00000244010000001b6ac3003d
24e1010c04990064000608001b41ad00
0f03f300001b5ee0000bce9307001baa
ad0006f09711001c71a7000696930200
202ea500069b50130023167200069b50
0a00000244010000001b6a83003d2c8a
010c04990064000608001b41ad000f03
f300001b5ee0000bce9307001baaad00
06f09711001c71a7000696930200202e
a500069b50130023167200069b500a00
000244010000001b6a43003d3433010c
04990064000608001b41ad000f03f300
001b5ee0000bce9307001baaad0006f0
9711001c71a7000696930200202ea500
069b50130023167200069b500a000002
44010000001b6a03003d3bdc010c0499
0064000608001b41ad000f03f300001b
5ee0000bce9307001baaad0006f09711
001c71a7000696930200202ea500069b
50130023167200069b500a0000024401
0000001b69c3003d4385010c04990064
000608001b41ad000f03f300001b5ee0
000bce9307001baaad0006f09711001c
71a7000696930200202ea500069b5013
0023167200069b500a00000244010000
001b6983003d4b2f010c049900640006
08001b41ad000f03f300001b5ee0000b
ce9307001baaad0006f09711001c71a7
000696930200202ea500069b50130023
167200069b500a00000244010000001b
6943003d52d7010c0499006400060800
1b41ad000f03f300001b5ee0000bce93
07001baaad0006f09711001c71a70006
96930200202ea500069b501300231672
00069b500a00000244010000001b6903
003d5a81010c04990064000608001b41
ad000f03f300001b5ee0000bce930700
1baaad0006f09711001c71a700069693
0200202ea500069b5013002316720006
9b500a00000244010000001b68c3003d
622a010c04990064000608001b41ad00
0f03f300001b5ee0000bce9307001baa
ad0006f09711001c71a7000696930200
202ea500069b50130023167200069b50
0a00000244010000001b6884003d69d3
010c04990064000608001b41ad000f03
f300001b5ee0000bce9307001baaad00
06f09711001c71a7000696930200202e
a500069b50130023167200069b500a00
000244010000001b6844003d717c010c
04990064000608001b41ad000f03f300
001b5ee0000bce9307001baaad0006f0
9711001c71a7000696930200202ea500
069b50130023167200069b500a000002
44010000001b6804003d7925010c0499
0064000608001b41ad000f03f300001b
5ee0000bce9307001baaad0006f09711
001c71a7000696930200202ea500069b
50130023167200069b500a0000024401
0000001b67c4003d80ce010c04990064
000608001b41ad000f03f300001b5ee0
000bce9307001baaad0006f09711001c
71a7000696930200202ea500069b5013
0023167200069b500a00000244010000
001b6784003d8877010c049900640006
08001b41ad000f03f300001b5ee0000b
ce9307001baaad0006f09711001c71a7
000696930200202ea500069b50130023
167200069b500a00000244010000001b
6744003d9021010c0499006400060800
1b41ad000f03f300001b5ee0000bce93
07001baaad0006f09711001c71a70006
96930200202ea500069b501300231672
00069b500a00000244010000001b6704
003d97ca010c04990064000608001b41
ad000f03f300001b5ee0000bce930700
1baaad0006f09711001c71a700069693
0200202ea500069b5013002316720006
9b500a00000244010000001b66c4003d
9f73010c04990064000608001b41ad00
0f03f300001b5ee0000bce9307001baa
ad0006f09711001c71a7000696930200
202ea500069b50130023167200069b50
0a00000244010000001b6684003da71c
010c04990064000608001b41ad000f03
f300001b5ee0000bce9307001baaad00
06f09711001c71a7000696930200202e
a500069b50130023167200069b500a00
000244010000001b6645003daec5010c
04990064000608001b41ad000f03f300
001b5ee0000bce9307001baaad0006f0
9711001c71a7000696930200202ea500
069b50130023167200069b500a000002
44010000001b6605003db66e010c0499
0064000608001b41ad000f03f300001b
5ee0000bce9307001baaad0006f09711
001c71a7000696930200202ea500069b
50130023167200069b500a0000024401
0000001b65c5003dbe18010c04990064
000608001b41ad000f03f300001b5ee0
000bce9307001baaad0006f09711001c
71a7000696930200202ea500069b5013
0023167200069b500a00000244010000
001b6585003dc5c1010c049900640006
08001b41ad000f03f300001b5ee0000b
ce9307001baaad0006f09711001c71a7
000696930200202ea500069b50130023
167200069b500a00000244010000001b
6545003dcd6a010c0499006400060800
1b41ad000f03f300001b5ee0000bce93
07001baaad0006f09711001c71a70006
96930200202ea500069b501300231672
00069b500a00000244010000001b6505
003dd513010c04990064000608001b41
ad000f03f300001b5ee0000bce930700
1baaad0006f09711001c71a700069693
0200202ea500069b5013002316720006
9b500a00000244010000001b64c5003d
dcbc010c04990064000608001b41ad00
0f03f300001b5ee0000bce9307001baa
ad0006f09711001c71a7000696930200
202ea500069b50130023167200069b50
0a00000244010000001b6485003de465
010c04990064000608001b41ad000f03
f300001b5ee0000bce9307001baaad00
06f09711001c71a7000696930200202e
a500069b50130023167200069b500a00
000244010000001b6445003dec0e010c
04990064000608001b41ad000f03f300
001b5ee0000bce9307001baaad0006f0
9711001c71a7000696930200202ea500
069b50130023167200069b500a000002
44010000001b6405003df3b8010c0499
0064000608001b41ad000f03f300001b
5ee0000bce9307001baaad0006f09711
001c71a7000696930200202ea500069b
50130023167200069b500a0000024301
0000001b63c5003dfb60010c04990064
000608001b41ad000f03f300001b5ee0
000bce9307001baaad0006f09711001c
71a7000696930200202ea500069b5013
0023167200069b500a00000243010000
001b6386003e030a010c049900640006
08001b41ad000f03f300001b5ee0000b
ce9307001baaad0006f09711001c71a7
000696930200202ea500069b50130023
167200069b500a00000243010000001b
6346003e0ab3010c0499006400060800
1b41ad000f03f300001b5ee0000bce93
07001baaad0006f09711001c71a70006
96930200202ea500069b501300231672
00069b500a00000243010000001b6306
003e125c010c04990064000608001b41
ad000f03f300001b5ee0000bce930700
1baaad0006f09711001c71a700069693
0200202ea500069b5013002316720006
9b500a00000243010000001b62c6003e
1a05010c04990064000608001b41ad00
0f03f300001b5ee0000bce9307001baa
ad0006f09711001c71a7000696930200
202ea500069b50130023167200069b50
0a00000243010000001b6286003e21ae
010c04990064000608001b41ad000f03
f300001b5ee0000bce9307001baaad00
06f09711001c71a7000696930200202e
a500069b50130023167200069b500a00
000243010000001b6246003e2957010c
04990064000608001b41ad000f03f300
001b5ee0000bce9307001baaad0006f0
9711001c71a7000696930200202ea500
069b50130023167200069b500a000002
43010000001b6206003e3100010c0499
0064000608001b41ad000f03f300001b
5ee0000bce9307001baaad0006f09711
001c71a7000696930200202ea500069b
50130023167200069b500a0000024301
0000001b61c6003e38aa010c04990064
000608001b41ad000f03f300001b5ee0
000bce9307001baaad0006f09711001c
71a7000696930200202ea500069b5013
0023167200069b500a00000243010000
001b6186003e4053010c049900640006
08001b41ad000f03f300001b5ee0000b
ce9307001baaad0006f09711001c71a7
000696930200202ea500069b50130023
167200069b500a00000243010000001b
6147003e47fc010c0499006400060800
1b41ad000f03f300001b5ee0000bce93
07001baaad0006f09711001c71a70006
96930200202ea500069b501300231672
00069b500a00000243010000001b6107
003e4fa5010c04990064000608001b41
ad000f03f300001b5ee0000bce930700
1baaad0006f09711001c71a700069693
0200202ea500069b5013002316720006
9b500a00000243010000001b60c7003e
574e010c04990064000608001b41ad00
0f03f300001b5ee0000bce9307001baa
ad0006f09711001c71a7000696930200
202ea500069b50130023167200069b50
0a00000243010000001b6087003e5ef7
010c04990064000608001b41ad000f03
f300001b5ee0000bce9307001baaad00
06f09711001c71a7000696930200202e
a500069b50130023167200069b500a00
000243010000001b6047003e66a1010c
04990064000608001b41ad000f03f300
001b5ee0000bce9307001baaad0006f0
9711001c71a7000696930200202ea500
069b50130023167200069b500a000002
43010000001b6007003e6e4a010c0499
0064000608001b41ad000f03f300001b
5ee0000bce9307001baaad0006f09711
001c71a7000696930200202ea500069b
50130023167200069b500a0000024301
0000001b5fc7003e75f3010c04990064
000608001b41ad000f03f300001b5ee0
000bce9307001baaad0006f09711001c
71a7000696930200202ea500069b5013
0023167200069b500a00000243010000
001b5f87003e7d9c010c049900640006
08001b41ad000f03f300001b5ee0000b
ce9307001baaad0006f09711001c71a7
000696930200202ea500069b50130023
167200069b500a00000243010000001b
5f47003e8545010c0499006400060800
1b41ad000f03f300001b5ee0000bce93
07001baaad0006f09711001c71a70006
96930200202ea500069b501300231672
00069b500a00000243010000001b5f08
003e8cee010c04990064000608001b41
ad000f03f300001b5ee0000bce930700
1baaad0006f09711001c71a700069693
0200202ea500069b5013002316720006
9b500a00000243010000001b5ec8003e
9497010c04990064000608001b41ad00
0f03f300001b5ee0000bce9307001baa
ad0006f09711001c71a7000696930200
202ea500069b50130023167200069b50
0a00000243010000001b5e88003e9c41
010c04990064000608001b41ad000f03
f300001b5ee0000bce9307001baaad00
06f09711001c71a7000696930200202e
a500069b50130023167200069b500a00
000243010000001b5e48003ea3e9010c
04990064000608001b41ad000f03f300
001b5ee0000bce9307001baaad0006f0
9711001c71a7000696930200202ea500
069b50130023167200069b500a000002
43010000001b5e08003eab93010c0499
0064000608001b41ad000f03f300001b
5ee0000bce9307001baaad0006f09711
001c71a7000696930200202ea500069b
50130023167200069b500a0000024301
0000001b5dc8003eb33c010c04990064
000608001b41ad000f03f300001b5ee0
000bce9307001baaad0006f09711001c
71a7000696930200202ea500069b5013
0023167200069b500a00000243010000
001b5d88003ebae5010c049900640006
08001b41ad000f03f300001b5ee0000b
ce9307001baaad0006f09711001c71a7
000696930200202ea500069b50130023
167200069b500a00000243010000001b
5d48003ec28e010c0499006400060800
1b41ad000f03f300001b5ee0000bce93
07001baaad0006f09711001c71a70006
96930200202ea500069b501300231672
00069b500a00000243010000001b5d08
003eca37010c04990064000608001b41
ad000f03f300001b5ee0000bce930700
1baaad0006f09711001c71a700069693
0200202ea500069b5013002316720006
9b500a00000243010000001b5cc8003e
d1e1010c04990064000608001b41ad00
0f03f300001b5ee0000bce9307001baa
ad0006f09711001c71a7000696930200
202ea500069b50130023167200069b50
0a00000243010000001b5c89003ed98a
010c04990064000608001b41ad000f03
f300001b5ee0000bce9307001baaad00
06f09711001c71a7000696930200202e
a500069b50130023167200069b500a00
000243010000001b5c49003ee132010c
04990064000608001b41ad000f03f300
001b5ee0000bce9307001baaad0006f0
9711001c71a7000696930200202ea500
069b50130023167200069b500a000002
43010000001b5c09003ee8dc010c0499
0064000608001b41ad000f03f300001b
5ee0000bce9307001baaad0006f09711
001c71a7000696930200202ea500069b
50130023167200069b500a0000024301
0000001b5bcc003ef01b010c045a0064
000608001b41ad000f03f300001b5ee0
000bce9307001baaad0006f09711001c
71a7000696930200202ea500069b5013
0023167200069b500a00000243010000
001b5b93003ef6f6010c041d00640006
08001b41ad000f03f300001b5ee0000b
ce9307001baaad0006f09711001c71a7
000696930200202ea500069b50130023
167200069b500a00000243010000001b
5b5d003efd71010c03e4006400060800
1b41ad000f03f300001b5ee0000bce93
07001baaad0006f09711001c71a70006
96930200202ea500069b501300231672
00069b500a00000243010000001b5b2a
003f0394010c03ae0064000608001b41
ad000f03f300001b5ee0000bce930700
1baaad0006f09711001c71a700069693
0200202ea500069b5013002316720006
9b500a00000243010000001b5afa003f
0961010c037b0064000608001b41ad00
0f03f300001b5ee0000bce9307001baa
ad0006f09711001c71a7000696930200
202ea500069b50130023167200069b50
0a00000243010000001b5acc003f0edd
010c034b0064000608001b41ad000f03
f300001b5ee0000bce9307001baaad00
06f09711001c71a7000696930200202e
a500069b50130023167200069b500a00
000243010000001b5aa0003f140e010c
031e0064000608001b41ad000f03f300
001b5ee0000bce9307001baaad0006f0
9711001c71a7000696930200202ea500
069b50130023167200069b500a000002
43010000001b5a77003f18f6010c02f2
0064000608001b41ad000f03f300001b
5ee0000bce9307001baaad0006f09711
001c71a7000696930200202ea500069b
50130023167200069b500a0000024301
0000001b5a51003f1d9b010c02ca0064
000608001b41ad000f03f300001b5ee0
000bce9307001baaad0006f09711001c
71a7000696930200202ea500069b5013
0023167200069b500a00000243010000
001b5a2c003f2200010c02a300640006
08001b41ad000f03f300001b5ee0000b
ce9307001baaad0006f09711001c71a7
000696930200202ea500069b50130023
167200069b500a00000243010000001b
5a09003f2627010c027e006400060800
1b41ad000f03f300001b5ee0000bce93
07001baaad0006f09711001c71a70006
96930200202ea500069b501300231672
00069b500a00000243010000001b59e9
003f2a15010c025c0064000608001b41
ad000f03f300001b5ee0000bce930700
1baaad0006f09711001c71a700069693
0200202ea500069b5013002316720006
9b500a00000243010000001b59ca003f
2dcd010c023b0064000608001b41ad00
0f03f300001b5ee0000bce9307001baa
ad0006f09711001c71a7000696930200
202ea500069b50130023167200069b50
0a00000243010000001b59ac003f3151
010c021c0064000608001b41ad000f03
f300001b5ee0000bce9307001baaad00
06f09711001c71a7000696930200202e
a500069b50130023167200069b500a00
000243010000001b5991003f34a5010c
01ff0064000608001b41ad000f03f300
001b5ee0000bce9307001baaad0006f0
9711001c71a7000696930200202ea500
069b50130023167200069b500a000002
43010000001b5977003f37ca010c01e3
0064000608001b41ad000f03f300001b
5ee0000bce9307001baaad0006f09711
001c71a7000696930200202ea500069b
50130023167200069b500a0000024301
0000001b595e003f3ac4010c01c90064
000608001b41ad000f03f300001b5ee0
000bce9307001baaad0006f09711001c
71a7000696930200202ea500069b5013
0023167200069b500a00000243010000
001b5946003f3d94010c01b100640006
08001b41ad000f03f300001b5ee0000b
ce9307001baaad0006f09711001c71a7
000696930200202ea500069b50130023
167200069b500a00000243010000001b
5930003f403e010c0199006400060800
1b41ad000f03f300001b5ee0000bce93
07001baaad0006f09711001c71a70006
96930200202ea500069b501300231672
00069b500a00000243010000001b591b
003f42c3010c01830064000608001b41
ad000f03f300001b5ee0000bce930700
1baaad0006f09711001c71a700069693
0200202ea500069b5013002316720006
9b500a00000243010000001b5907003f
4524010c016e0064000608001b41ad00
0f03f300001b5ee0000bce9307001baa
ad0006f09711001c71a7000696930200
202ea500069b50130023167200069b50
0a00000243010000001b58f5003f4765
010c015a0064000608001b41ad000f03
f300001b5ee0000bce9307001baaad00
06f09711001c71a7000696930200202e
a500069b50130023167200069b500a00
000243010000001b58e3003f4986010c
01480064000608001b41ad000f03f300
001b5ee0000bce9307001baaad0006f0
9711001c71a7000696930200202ea500
069b50130023167200069b500a000002
43010000001b58d2003f4b8b010c0136
0064000608001b41ad000f03f300001b
5ee0000bce9307001baaad0006f09711
001c71a7000696930200202ea500069b
50130023167200069b500a0000024301
0000001b58c2003f4d73010c01250064
000608001b41ad000f03f300001b5ee0
000bce9307001baaad0006f09711001c
71a7000696930200202ea500069b5013
0023167200069b500a00000243010000
001b58b3003f4f40010c011500640006
08001b41ad000f03f300001b5ee0000b
ce9307001baaad0006f09711001c71a7
000696930200202ea500069b50130023
167200069b500a00000243010000001b
58a5003f50f5010c0106006400060800
1b41ad000f03f300001b5ee0000bce93
07001baaad0006f09711001c71a70006
96930200202ea500069b501300231672
00069b500a00000243010000001b5897
003f5292010c00f80064000608001b41
ad000f03f300001b5ee0000bce930700
1baaad0006f09711001c71a700069693
0200202ea500069b5013002316720006
9b500a00000243010000001b588b003f
5419010c00eb0064000608001b41ad00
0f03f300001b5ee0000bce9307001baa
ad0006f09711001c71a7000696930200
202ea500069b50130023167200069b50
0a00000242010000001b587f003f558b
010c00de0064000608001b41ad000f03
f300001b5ee0000bce9307001baaad00
06f09711001c71a7000696930200202e
a500069b50130023167200069b500a00
000242010000001b5873003f56e8010c
00d20064000608001b41ad000f03f300
001b5ee0000bce9307001baaad0006f0
9711001c71a7000696930200202ea500
069b50130023167200069b500a000002
42010000001b5868003f5833010c00c7
0064000608001b41ad000f03f300001b
5ee0000bce9307001baaad0006f09711
001c71a7000696930200202ea500069b
50130023167200069b500a0000024201
0000001b585e003f596c010c00bc0064
000608001b41ad000f03f300001b5ee0
000bce9307001baaad0006f09711001c
71a7000696930200202ea500069b5013
0023167200069b500a00000242010000
001b5855003f5a94010c00b200640006
08001b41ad000f03f300001b5ee0000b
ce9307001baaad0006f09711001c71a7
000696930200202ea500069b50130023
167200069b500a00000242010000001b
584c003f5bab010c00a8006400060800
1b41ad000f03f300001b5ee0000bce93
07001baaad0006f09711001c71a70006
96930200202ea500069b501300231672
00069b500a00000242010000001b5843
003f5cb5010c009f0064000608001b41
ad000f03f300001b5ee0000bce930700
1baaad0006f09711001c71a700069693
0200202ea500069b5013002316720006
9b500a00000242010000001b583b003f
5daf010c00960064000608001b41ad00
0f03f300001b5ee0000bce9307001baa
ad0006f09711001c71a7000696930200
202ea500069b50130023167200069b50
0a00000242010000001b5833003f5e9b
010c008e0064000608001b41ad000f03
f300001b5ee0000bce9307001baaad00
06f09711001c71a7000696930200202e
a500069b50130023167200069b500a00
000242010000001b582c003f5f7c010c
00860064000608001b41ad000f03f300
001b5ee0000bce9307001baaad0006f0
9711001c71a7000696930200202ea500
069b50130023167200069b500a000002
42010000001b5825003f604f010c007f
0064000608001b41ad000f03f300001b
5ee0000bce9307001baaad0006f09711
001c71a7000696930200202ea500069b
50130023167200069b500a0000024201
0000001b581e003f6118010c00780064
000608001b41ad000f03f300001b5ee0
000bce9307001baaad0006f09711001c
71a7000696930200202ea500069b5013
0023167200069b500a00000242010000
001b5818003f61d5010c007200640006
08001b41ad000f03f300001b5ee0000b
ce9307001baaad0006f09711001c71a7
000696930200202ea500069b50130023
167200069b500a00000242010000001b
5812003f6288010c006c006400060800
1b41ad000f03f300001b5ee0000bce93
07001baaad0006f09711001c71a70006
96930200202ea500069b501300231672
00069b500a00000242010000001b580d
003f6332010c00660064000608001b41
ad000f03f300001b5ee0000bce930700
1baaad0006f09711001c71a700069693
0200202ea500069b5013002316720006
9b500a00000242010000001b5808003f
63d3010c00600064000608001b41ad00
0f03f300001b5ee0000bce9307001baa
ad0006f09711001c71a7000696930200
202ea500069b50130023167200069b50
0a00000242010000001b5803003f646a
010c005b0064000608001b41ad000f03
f300001b5ee0000bce9307001baaad00
06f09711001c71a7000696930200202e
a500069b50130023167200069b500a00
000242010000001b57fe003f64fa010c
00560064000608001b41ad000f03f300
001b5ee0000bce9307001baaad0006f0
9711001c71a7000696930200202ea500
069b50130023167200069b500a000002
42010000001b57fa003f6582010c0052
0064000608001b41ad000f03f300001b
5ee0000bce9307001baaad0006f09711
001c71a7000696930200202ea500069b
50130023167200069b500a0000024201
0000001b57f5003f6602010c004d0064
000608001b41ad000f03f300001b5ee0
000bce9307001baaad0006f09711001c
71a7000696930200202ea500069b5013
0023167200069b500a00000242010000
001b57f1003f667c010c004900640006
08001b41ad000f03f300001b5ee0000b
ce9307001baaad0006f09711001c71a7
000696930200202ea500069b50130023
167200069b500a00000242010000001b
57ee003f66ee010c0045006400060800
1b41ad000f03f300001b5ee0000bce93
07001baaad0006f09711001c71a70006
96930200202ea500069b501300231672
00069b500a00000242010000001b57ea
003f675b010c00410064000608001b41
ad000f03f300001b5ee0000bce930700
1baaad0006f09711001c71a700069693
0200202ea500069b5013002316720006
9b500a00000242010000001b57e7003f
67c2010c003e0064000608001b41ad00
0f03f300001b5ee0000bce9307001baa
ad0006f09711001c71a7000696930200
202ea500069b50130023167200069b50
0a00000242010000001b57e3003f6823
010c003a0064000608001b41ad000f03
f300001b5ee0000bce9307001baaad00
06f09711001c71a7000696930200202e
a500069b50130023167200069b500a00
000242010000001b57e0003f687f010c
00370064000608001b41ad000f03f300
001b5ee0000bce9307001baaad0006f0
9711001c71a7000696930200202ea500
069b50130023167200069b500a000002
42010000001b57dd003f68d6010c0034
0064000608001b41ad000f03f300001b
5ee0000bce9307001baaad0006f09711
001c71a7000696930200202ea500069b
50130023167200069b500a0000024201
0000001b57db003f6929010c00310064
000608001b41ad000f03f300001b5ee0
000bce9307001baaad0006f09711001c
71a7000696930200202ea500069b5013
0023167200069b500a00000242010000
001b57d8003f6977010c002f00640006
08001b41ad000f03f300001b5ee0000b
ce9307001baaad0006f09711001c71a7
000696930200202ea500069b50130023
167200069b500a00000242010000001b
57d6003f69c0010c002c006400060800
1b41ad000f03f300001b5ee0000bce93
07001baaad0006f09711001c71a70006
96930200202ea500069b501300231672
00069b500a00000242010000001b57d4
003f6a06010c002a0064000608001b41
ad000f03f300001b5ee0000bce930700
1baaad0006f09711001c71a700069693
0200202ea500069b5013002316720006
9b500a00000242010000001b57d1003f
6a48010c00280064000608001b41ad00
0f03f300001b5ee0000bce9307001baa
ad0006f09711001c71a7000696930200
202ea500069b50130023167200069b50
0a00000242010000001b57cf003f6a86
010c00250064000608001b41ad000f03
f300001b5ee0000bce9307001baaad00
06f09711001c71a7000696930200202e
a500069b50130023167200069b500a00
000242010000001b57cd003f6ac1010c
00230064000608001b41ad000f03f300
001b5ee0000bce9307001baaad0006f0
9711001c71a7000696930200202ea500
069b50130023167200069b500a000002
42010000001b57cb003f6af9010c0021
0064000608001b41ad000f03f300001b
5ee0000bce9307001baaad0006f09711
001c71a7000696930200202ea500069b
50130023167200069b500a0000024201
0000001b57ca003f6b2e010c00200064
000608001b41ad000f03f300001b5ee0
000bce9307001baaad0006f09711001c
71a7000696930200202ea500069b5013
0023167200069b500a00000242010000
001b57c8003f6b5f010c001e00640006
08001b41ad000f03f300001b5ee0000b
ce9307001baaad0006f09711001c71a7
000696930200202ea500069b50130023
167200069b500a00000242010000001b
57c7003f6b8f010c001c006400060800
1b41ad000f03f300001b5ee0000bce93
07001baaad0006f09711001c71a70006
96930200202ea500069b501300231672
00069b500a00000242010000001b57c5
003f6bbb010c001b0064000608001b41
ad000f03f300001b5ee0000bce930700
1baaad0006f09711001c71a700069693
0200202ea500069b5013002316720006
9b500a00000242010000001b57c4003f
6be6010c00190064000608001b41ad00
0f03f300001b5ee0000bce9307001baa
ad0006f09711001c71a7000696930200
202ea500069b50130023167200069b50
0a00000242010000001b57c2003f6c0e
010c00180064000608001b41ad000f03
f300001b5ee0000bce9307001baaad00
06f09711001c71a7000696930200202e
a500069b50130023167200069b500a00
000242010000001b57c1003f6c34010c
00170064000608001b41ad000f03f300
001b5ee0000bce9307001baaad0006f0
9711001c71a7000696930200202ea500
069b50130023167200069b500a000002
42010000001b57c0003f6c58010c0015
0064000608001b41ad000f03f300001b
5ee0000bce9307001baaad0006f09711
001c71a7000696930200202ea500069b
50130023167200069b500a0000024201
0000001b57bf003f6c79010c00140064
000608001b41ad000f03f300001b5ee0
000bce9307001baaad0006f09711001c
71a7000696930200202ea500069b5013
0023167200069b500a00000242010000
001b57be003f6c99010c001300640006
08001b41ad000f03f300001b5ee0000b
ce9307001baaad0006f09711001c71a7
000696930200202ea500069b50130023
167200069b500a00000242010000001b
57bd003f6cb8010c0012006400060800
1b41ad000f03f300001b5ee0000bce93
07001baaad0006f09711001c71a70006
96930200202ea500069b501300231672
00069b500a00000242010000001b57bc
003f6cd4010c00110064000608001b41
ad000f03f300001b5ee0000bce930700
1baaad0006f09711001c71a700069693
0200202ea500069b5013002316720006
9b500a00000242010000001b57bb003f
6cef010c00100064000608001b41ad00
0f03f300001b5ee0000bce9307001baa
ad0006f09711001c71a7000696930200
202ea500069b50130023167200069b50
0a00000242010000001b57ba003f6d09
010c000f0064000608001b41ad000f03
f300001b5ee0000bce9307001baaad00
06f09711001c71a7000696930200202e
a500069b50130023167200069b500a00
000242010000001b57ba003f6d21010c
000f0064000608001b41ad000f03f300
001b5ee0000bce9307001baaad0006f0
9711001c71a7000696930200202ea500
069b50130023167200069b500a000002
42010000001b57b9003f6d38010c000e
0064000608001b41ad000f03f300001b
5ee0000bce9307001baaad0006f09711
001c71a7000696930200202ea500069b
50130023167200069b500a0000024201
0000001b57b8003f6d4e010c000d0064
000608001b41ad000f03f300001b5ee0
000bce9307001baaad0006f09711001c
71a7000696930200202ea500069b5013
0023167200069b500a00000242010000
001b57b7003f6d62010c000c00640006
08001b41ad000f03f300001b5ee0000b
ce9307001baaad0006f09711001c71a7
000696930200202ea500069b50130023
167200069b500a00000242010000001b
57b7003f6d76010c000c006400060800
1b41ad000f03f300001b5ee0000bce93
07001baaad0006f09711001c71a70006
96930200202ea500069b501300231672
00069b500a00000242010000001b57b6
003f6d88010c000b0064000608001b41
ad000f03f300001b5ee0000bce930700
1baaad0006f09711001c71a700069693
0200202ea500069b5013002316720006
9b500a00000242010000001b57b6003f
6d99010c000a0064000608001b41ad00
0f03f300001b5ee0000bce9307001baa
ad0006f09711001c71a7000696930200
202ea500069b50130023167200069b50
0a00000242010000001b57b5003f6da9
010c000a0064000608001b41ad000f03
f300001b5ee0000bce9307001baaad00
06f09711001c71a7000696930200202e
a500069b50130023167200069b500a00
000242010000001b57b5003f6db9010c
00090064000608001b41ad000f03f300
001b5ee0000bce9307001baaad0006f0
9711001c71a7000696930200202ea500
069b50130023167200069b500a000002
42010000001b57b4003f6dc8010c0009
0064000608001b41ad000f03f300001b
5ee0000bce9307001baaad0006f09711
001c71a7000696930200202ea500069b
50130023167200069b500a0000024101
0000001b57b4003f6dd5010c00080064
000608001b41ad000f03f300001b5ee0
000bce9307001baaad0006f09711001c
71a7000696930200202ea500069b5013
0023167200069b500a00000241010000
001b57b3003f6de3010c000800640006
08001b41ad000f03f300001b5ee0000b
ce9307001baaad0006f09711001c71a7
000696930200202ea500069b50130023
167200069b500a00000241010000001b
57b3003f6def010c0007006400060800
1b41ad000f03f300001b5ee0000bce93
07001baaad0006f09711001c71a70006
96930200202ea500069b501300231672
00069b500a00000241010000001b57b2
003f6dfb010c0007006400